input_row	EID	str_row_ion	compounds	compound_names	input_row	m/z	retention_time	p_value	statistic	CompoundID_from_user
row3	E1	row3_M(C13)+H[1+];row460_M+Na[1+];row902_M+H[1+]	C00245	Taurine	row3	127.0253	220.32	0.1216035394318927	4.6308502599498	C2H7NO3S
row7	E4	row7_M+H[1+];row891_M[1+]	C01019	6-Deoxy-L-galactose; L-Fucose	row7	165.0755	315.04	0.5207784601937947	-1.146501212024639	
row29	E6	row29_M+H[1+]	CE5538;C05653	noradrenochrome$N-Formylanthranilate	row29	166.0493	33.58	0.7442940111983397	0.579806377526982	
row35	E10	row35_M+Na[1+]	C01507;C00794;C01697	L-Iditol$D-Sorbitol$Galactitol	row35	205.0682	197.55	0.5899965800785514	0.9565616490913231	
row36	E11	row36_M+Na[1+]	C01507;C00794;C01697	L-Iditol$D-Sorbitol$Galactitol	row36	205.0682	215.86	0.4658408138619031	1.3174783703482358	
row38	E15	row38_M[1+];row57_M+H[1+]	C00233;C06102;C03465	4-Methyl-2-oxopentanoate$Adipate semialdehyde; Hexan-1-one-6-carboxylate; 6-Oxohexanoate$3-Methyl-2-oxopentanoate; 2-Oxo-3-methylvalerate	row38	130.0631	272.12	0.622079632099248	0.870590088346184	
row42	E19	row42_M+H[1+];row718_M+Na[1+];row76_M(C13)+H[1+]	C00078;C00525	L-Tryptophan$D-Tryptophan	row42	205.0971	166.16	0.050950588735128595	8.283387459831172	C11H12N2O2
row49	E22	row49_M(C13)+H[1+];row530_M+Na[1+]	C00906	5,6-Dihydrothymine	row49	130.0689	272.25	0.1959839773520155	3.3910842029887305	C6H11NS,C6H11NS
row52	E23	row52_M+H[1+]	C01732;C00490	Mesaconate; 2-Methylfumarate; Mesaconic acid; Methylfumaric acid$Itaconate; Itaconic acid; Methylenesuccinic acid	row52	131.0338	324.4	0.18358147610330133	3.5868898011321293	C5H6O4
row56	E14	row56_M+H[1+]	C00233;C06102;C03465	4-Methyl-2-oxopentanoate$Adipate semialdehyde; Hexan-1-one-6-carboxylate; 6-Oxohexanoate$3-Methyl-2-oxopentanoate; 2-Oxo-3-methylvalerate	row56	131.0702	27.67	0.9341132444534684	-0.1587358351255957	
row57	E15	row38_M[1+];row57_M+H[1+]	C00233;C06102;C03465	4-Methyl-2-oxopentanoate$Adipate semialdehyde; Hexan-1-one-6-carboxylate; 6-Oxohexanoate$3-Methyl-2-oxopentanoate; 2-Oxo-3-methylvalerate	row57	131.0702	272.39	0.1929148453043348	3.4339237600367656	
row68	E25	row68_M+Na[1+];row69_M+Na[1+]	C05589;C00788	L-Normetanephrine$L-Adrenaline; (R)-(-)-Adrenaline; (R)-(-)-Epinephrine; (R)-(-)-Epirenamine; (R)-(-)-Adnephrine; 4-[(1R)-1-Hydroxy-2-(methylamino)ethyl]-1,2-benzenediol	row68	206.0788	349.28	0.770090862265674	-0.5192592239295779	C9H13NO3
row69	E25	row68_M+Na[1+];row69_M+Na[1+]	C05589;C00788	L-Normetanephrine$L-Adrenaline; (R)-(-)-Adrenaline; (R)-(-)-Epinephrine; (R)-(-)-Epirenamine; (R)-(-)-Adnephrine; 4-[(1R)-1-Hydroxy-2-(methylamino)ethyl]-1,2-benzenediol	row69	206.0788	355.09	0.5228925407931784	-1.1396955224948497	C9H13NO3
row70	E26	row70_M+Na[1+]	C05589;C00788	L-Normetanephrine$L-Adrenaline; (R)-(-)-Adrenaline; (R)-(-)-Epinephrine; (R)-(-)-Epirenamine; (R)-(-)-Adnephrine; 4-[(1R)-1-Hydroxy-2-(methylamino)ethyl]-1,2-benzenediol	row70	206.0788	372.48	0.44238021872787225	-1.3983270183421919	
row76	E19	row42_M+H[1+];row718_M+Na[1+];row76_M(C13)+H[1+]	C00078;C00525	L-Tryptophan$D-Tryptophan	row76	206.1004	166.03	0.04808464684069854	8.822730564540018	C11H12N2O2
row77	E29	row100_M(C13)+H[1+];row77_M+H[1+]	C02714	N-Acetylputrescine	row77	131.1179	273.04	0.4419427253740025	-1.4003791385219808	C6H14N2O
row78	E30	row78_M+H[1+]	C00179	Agmatine; (4-Aminobutyl) guanidine	row78	131.1291	364.71	0.5989182805179474	0.9341830090006302	
row82	E31	row107_M(C13)+H[1+];row82_M+H[1+]	C00250	Pyridoxal	row82	168.0655	47.5	0.5828032435100262	-0.9732382435702168	C8H9NO3
row89	E36	row109_M(C13)+H[1+];row89_M+H[1+];row90_M+H[1+]	C01165;C01157;C00430;C03440;C01110	L-Glutamate 5-semialdehyde; L-Glutamate gamma-semialdehyde$trans-4-Hydroxy-L-proline$5-Aminolevulinate; 5-Amino-4-oxopentanoate; 5-Amino-4-oxovaleric acid$cis-4-Hydroxy-D-proline$5-Amino-2-oxopentanoic acid; 5-Amino-2-oxopentanoate; 2-Oxo-5-amino-pentanoate; 2-Oxo-5-aminopentanoate; alpha-Keto-delta-aminopentanoate; 2-Oxo-5-aminovalerate	row89	132.0655	251.56	0.36650996751727055	1.7705058223710384	
row90	E36	row109_M(C13)+H[1+];row89_M+H[1+];row90_M+H[1+]	C01165;C01157;C00430;C03440;C01110	L-Glutamate 5-semialdehyde; L-Glutamate gamma-semialdehyde$trans-4-Hydroxy-L-proline$5-Aminolevulinate; 5-Amino-4-oxopentanoate; 5-Amino-4-oxovaleric acid$cis-4-Hydroxy-D-proline$5-Amino-2-oxopentanoic acid; 5-Amino-2-oxopentanoate; 2-Oxo-5-amino-pentanoate; 2-Oxo-5-aminopentanoate; alpha-Keto-delta-aminopentanoate; 2-Oxo-5-aminovalerate	row90	132.0655	255.78	0.5228925407931784	-1.1364267241204942	C5H9NO3
row91	E37	row91_M+H[1+]	C01165;C01157;C00430;C03440;C01110	L-Glutamate 5-semialdehyde; L-Glutamate gamma-semialdehyde$trans-4-Hydroxy-L-proline$5-Aminolevulinate; 5-Amino-4-oxopentanoate; 5-Amino-4-oxovaleric acid$cis-4-Hydroxy-D-proline$5-Amino-2-oxopentanoic acid; 5-Amino-2-oxopentanoate; 2-Oxo-5-amino-pentanoate; 2-Oxo-5-aminopentanoate; alpha-Keto-delta-aminopentanoate; 2-Oxo-5-aminovalerate	row91	132.0655	301.78	0.1966756154885081	3.374838476137068	
row92	E38	row112_M(C13)+H[1+];row592_M+Na[1+];row92_M+H[1+]	C00300	Creatine; alpha-Methylguanidino acetic acid; Methylglycocyamine	row92	132.0768	259.45	0.07926700982789363	6.072662548991701	C4H9N3O2
row100	E29	row100_M(C13)+H[1+];row77_M+H[1+]	C02714	N-Acetylputrescine	row100	132.1212	273.04	0.41712303031544057	-1.5215230870702756	C6H14N2O
row107	E31	row107_M(C13)+H[1+];row82_M+H[1+]	C00250	Pyridoxal	row107	169.0687	47.63	0.5591262272330335	-1.038094354188781	C8H9NO3
row109	E36	row109_M(C13)+H[1+];row89_M+H[1+];row90_M+H[1+]	C01165;C01157;C00430;C03440;C01110	L-Glutamate 5-semialdehyde; L-Glutamate gamma-semialdehyde$trans-4-Hydroxy-L-proline$5-Aminolevulinate; 5-Amino-4-oxopentanoate; 5-Amino-4-oxovaleric acid$cis-4-Hydroxy-D-proline$5-Amino-2-oxopentanoic acid; 5-Amino-2-oxopentanoate; 2-Oxo-5-amino-pentanoate; 2-Oxo-5-aminopentanoate; alpha-Keto-delta-aminopentanoate; 2-Oxo-5-aminovalerate	row109	133.0688	256.17	0.6868344845798925	-0.7195720748616957	C5H9NO3
row112	E38	row112_M(C13)+H[1+];row592_M+Na[1+];row92_M+H[1+]	C00300	Creatine; alpha-Methylguanidino acetic acid; Methylglycocyamine	row112	133.0799	259.45	0.08312324631496734	5.940341066789472	C4H9N3O2
row115	E45	row115_M+Na[1+]	C01005	O-Phospho-L-serine	row115	207.9983	216.39	0.9538340815608536	0.11717069725481498	C5H8NNaO4
row129	E46	row129_M+H[1+]	C00579	Dihydrolipoamide; Dihydrothioctamide	row129	208.083	243.63	0.23822012078857344	-2.9310259602878657	C7H14N2O3S,C15H10O
row206	E52	row206_M+Na[1+];row628_M+H[1+]	C00791		row206	136.0485	259.06	0.6837905219141915	0.7289461158111341	C4H7N3O
row207	E54	row207_M+H[1+]	C00093	Glycerol 3-phosphate	row207	173.0209	265.13	0.712018239823256	0.6530318289093723	
row208	E55	row208_M+H[1+];row915_M+Na[1+]	C00093	Glycerol 3-phosphate	row208	173.0209	299.42	0.07998596182154095	-6.0497991161696465	C3H9O6P
row223	E57	row223_M+H[1+]	C02505	2-Phenylacetamide	row223	136.0757	168.92	0.9812770764489156	0.04364257781254161	C8H9NO
row240	E58	row240_M+H[1+]	C07086;C03765	Phenylacetic acid; Benzylformic acid; Phenylacetate; Benzeneacetiic acid$4-Hydroxyphenylacetaldehyde	row240	137.0594	28.07	0.22470650145148213	3.0347456365229157	
row241	E59	row241_M+Na[1+]	C02727	N6-Acetyl-L-lysine	row241	211.1052	256.3	0.5708360497192071	-1.0066933063706642	C8H16N2O3
row246	E62	row246_M+Na[1+];row531_M[1+];row554_M+H[1+];row573_M(C13)+H[1+]	C00242	Guanine	row246	174.0386	145.81	0.21816384068351802	3.10754457659305	
row253	E64	row253_M+H[1+];row271_M(C13)+H[1+]	C00108	Anthranilate	row253	138.0549	355.65	0.3222336261543234	2.2709225133078714	C5H4O2
row263	E65	row263_M+Na[1+];row715_M+H[1+]	C00624	N-Acetyl-L-glutamate; N-Acetyl-L-glutamic acid	row263	212.0528	300.47	0.10068139248052319	5.230308616903889	C13H9NS
row268	E66	row268_M+Na[1+]	CE2153		row268	212.0917	28.07	0.962813989251375	-0.08951561519808843	
row268	E67	row268_M+H[1+]	CE2176	3-O-methyldopa	row268	212.0917	28.07	0.962813989251375	-0.08951561519808843	
row271	E64	row253_M+H[1+];row271_M(C13)+H[1+]	C00108	Anthranilate	row271	139.0583	355.65	0.353452060749312	1.8366869315752405	C5H4O2
row276	E69	row276_M+H[1+]	C02693	Indole-3-acetamide	row276	175.0866	32.92	0.8762224906176918	0.29427850391604027	C10H10N2O
row279	E70	row279_M+H[1+];row302_M(C13)+H[1+]	C00437	N2-Acetyl-L-ornithine	row279	175.1077	246.43	0.2164892884582638	-3.1341680376306305	C7H14N2O3
row288	E72	row1045_M+Na[1+];row288_M+H[1+]	C01045;C01042	N-Formyl-L-glutamate$N-Acetyl-L-aspartate	row288	176.0553	300.34	0.37898118528608293	1.6852320953082505	C6H9NO5
row289	E73	row289_M+Na[1+];row732_M(C13)+H[1+]	C00719;C00431;C00183	Glycine betaine$5-Aminopentanoate; 5-Aminopentanoic acid; 5-Aminovaleric acid$L-Valine	row289	140.0681	216.91	0.2528137744032825	2.803288478224177	
row290	E74	row290_M+Na[1+]	C00719;C00431;C00183	Glycine betaine$5-Aminopentanoate; 5-Aminopentanoic acid; 5-Aminovaleric acid$L-Valine	row290	140.0681	227.81	0.673440440847556	-0.7506692001464581	
row296	E77	row296_M+Na[1+];row297_M+Na[1+];row298_M+Na[1+];row757_M+H[1+];row789_M(C13)+H[1+]	C05829		row296	213.0481	360.77	0.24725450748642722	-2.8450298872496056	C6H10N2O5
row297	E77	row296_M+Na[1+];row297_M+Na[1+];row298_M+Na[1+];row757_M+H[1+];row789_M(C13)+H[1+]	C05829		row297	213.0481	367.49	0.7953111614843581	-0.46310106761708464	
row298	E77	row296_M+Na[1+];row297_M+Na[1+];row298_M+Na[1+];row757_M+H[1+];row789_M(C13)+H[1+]	C05829		row298	213.0481	377.61	0.24058275198487314	-2.909149018240427	C6H10N2O5
row302	E70	row279_M+H[1+];row302_M(C13)+H[1+]	C00437	N2-Acetyl-L-ornithine	row302	176.111	246.3	0.16500443795000622	-3.842710609033148	C7H14N2O3
row310	E82	row310_M+H[1+]	C00292	Aniline; Phenylamine; Benzenamine; Arylamine	row310	94.0655	168.92	0.9851532400430986	0.03400532104363915	C6H7N
row316	E86	row316_M+Na[1+]	C05519;C00188	L-Allo-threonine$L-Threonine	row316	142.0474	262.9	0.6873351443264493	0.7172125097002963	
row370	E96	row370_M+Na[1+];row371_M+Na[1+]	C00988	2-Phosphoglycolate	row370	178.9717	242.32	0.9614118804935048	0.09720556057042343	
row371	E96	row370_M+Na[1+];row371_M+Na[1+]	C00988	2-Phosphoglycolate	row371	178.9717	246.56	0.06055943007984267	7.270132731746545	
row377	E100	row377_M+Na[1+]	C16595;C16587	4-Hydroxy-5-phenyltetrahydro-1,3-oxazin-2-one$3-Carbamoyl-2-phenylpropionaldehyde	row377	216.0631	299.55	0.06889740859915118	-6.550793591602297	C5H14NO6P
row377	E101	row1013_M+Na[1+];row377_M+H[1+];row394_M(C13)+H[1+]	C01233	sn-Glycero-3-phosphoethanolamine	row377	216.0631	299.55	0.06889740859915118	-6.550793591602297	C5H14NO6P
row394	E101	row1013_M+Na[1+];row377_M+H[1+];row394_M(C13)+H[1+]	C01233	sn-Glycero-3-phosphoethanolamine	row394	217.0664	299.55	0.08616557928961702	-5.794909358399145	C5H14NO6P
row404	E111	row404_M+H[1+]	C07585	N-Acetylisoniazid; (N)1-Acetylisoniazid	row404	180.0766	256.17	0.12248697873196676	-4.61136945393092	
row407	E112	row407_M+H[1+];row436_M(C13)+H[1+]	C09642	(-)-Salsolinol; 6,7-Isoquinolinediol, 1,2,3,4-tetrahydro-1-methyl-, (S)-; Salsolinol	row407	180.1018	26.62	0.21565659159893716	-3.142533077212148	
row412	E109	row412_M+H[1+];row433_M(C13)+H[1+]	C01035	4-Guanidinobutanoate	row412	146.0923	261.06	0.10070444504226299	5.224756092092239	C5H11N3O2
row413	E114	row413_M+H[1+];row452_M(C13)+H[1+]	C05543	3-Dehydroxycarnitine	row413	146.1175	27.67	0.34585617919026224	-1.9061560682443048	C7H15NO2
row414	E115	row414_M+H[1+];row453_M(C13)+H[1+]	C05543	3-Dehydroxycarnitine	row414	146.1175	330.99	0.2175676530201725	-3.1160660570865395	C7H15NO2
row420	E118	row420_M+H[1+];row456_M(C13)+H[1+]	CE5586;C00315	dehydrospermidine$Spermidine	row420	146.1651	28.85	0.5506262067193889	-1.0553381760491634	C7H19N3
row433	E109	row412_M+H[1+];row433_M(C13)+H[1+]	C01035	4-Guanidinobutanoate	row433	147.0956	261.19	0.1266258947323437	4.4948762762894905	C5H11N3O2
row436	E112	row407_M+H[1+];row436_M(C13)+H[1+]	C09642	(-)-Salsolinol; 6,7-Isoquinolinediol, 1,2,3,4-tetrahydro-1-methyl-, (S)-; Salsolinol	row436	181.105	26.62	0.22651420763876776	-3.01426117785194	
row438	E122	row438_M+Na[1+];row439_M+Na[1+]	C00257;C00800	D-Gluconate$L-Gulonate	row438	219.0474	271.07	0.34229961437175643	1.9458334234414214	
row439	E122	row438_M+Na[1+];row439_M+Na[1+]	C00257;C00800	D-Gluconate$L-Gulonate	row439	219.0474	273.96	0.34585617919026224	1.899654011115205	
row445	E126	row445_M+H[1+];row503_M(C13)+H[1+]	C03740	5-L-Glutamyl-L-alanine	row445	219.0975	220.72	0.45491250825690577	1.3548252320331693	C8H14N2O5
row446	E127	row446_M+H[1+];row447_M+H[1+];row504_M(C13)+H[1+]	C03740	5-L-Glutamyl-L-alanine	row446	219.0975	334.41	0.34229961437175643	2.0846345237738424	
row447	E127	row446_M+H[1+];row447_M+H[1+];row504_M(C13)+H[1+]	C03740	5-L-Glutamyl-L-alanine	row447	219.0975	344.12	0.9214525057581694	-0.18617031996370384	C8H14N2O5
row448	E128	row1143_M+Na[1+];row448_M+H[1+];row505_M(C13)+H[1+]	C03740	5-L-Glutamyl-L-alanine	row448	219.0975	361.56	0.08658765842758384	-5.744783672524985	C8H14N2O5
row449	E130	row449_M+H[1+];row513_M(C13)+H[1+]	C00978	N-Acetylserotonin; N-Acetyl-5-hydroxytryptamine	row449	219.1127	27.8	0.21014252575678463	3.234870245689384	C12H14N2O2
row452	E114	row413_M+H[1+];row452_M(C13)+H[1+]	C05543	3-Dehydroxycarnitine	row452	147.1208	27.67	0.3434388378555699	-1.9305000889845774	C7H15NO2
row453	E115	row414_M+H[1+];row453_M(C13)+H[1+]	C05543	3-Dehydroxycarnitine	row453	147.1208	330.86	0.21178026391608934	-3.2032398096858845	C7H15NO2
row456	E118	row420_M+H[1+];row456_M(C13)+H[1+]	CE5586;C00315	dehydrospermidine$Spermidine	row456	147.1684	28.85	0.7211611591600489	-0.6345901404468364	C7H19N3
row460	E1	row3_M(C13)+H[1+];row460_M+Na[1+];row902_M+H[1+]	C00245	Taurine	row460	148.0038	220.19	0.15637279876727633	3.971273808660839	C2H7NO3S
row472	E124	row472_M+H[1+];row501_M(C13)+H[1+]	C02356;C01026;C00334;C05145;C01205;C03284	(S)-2-Aminobutanoate; (S)-2-Aminobutanoic acid; (S)-2-Aminobutyric acid$N,N-Dimethylglycine; Dimethylglycine$4-Aminobutanoate$3-Aminoisobutyric acid; 3-Aminoisobutanoate; 3-Amino-2-methylpropanoate$D-3-Amino-isobutanoate$L-3-Amino-isobutanoate	row472	104.0709	283.21	0.08546748033214215	5.822254846254427	C4H9NO2
row501	E124	row472_M+H[1+];row501_M(C13)+H[1+]	C02356;C01026;C00334;C05145;C01205;C03284	(S)-2-Aminobutanoate; (S)-2-Aminobutanoic acid; (S)-2-Aminobutyric acid$N,N-Dimethylglycine; Dimethylglycine$4-Aminobutanoate$3-Aminoisobutyric acid; 3-Aminoisobutanoate; 3-Amino-2-methylpropanoate$D-3-Amino-isobutanoate$L-3-Amino-isobutanoate	row501	105.0743	283.34	0.051441362883595215	8.108395961561746	C4H9NO2
row503	E126	row445_M+H[1+];row503_M(C13)+H[1+]	C03740	5-L-Glutamyl-L-alanine	row503	220.1008	220.72	0.46166169120767886	1.32927635037853	C8H14N2O5
row504	E127	row446_M+H[1+];row447_M+H[1+];row504_M(C13)+H[1+]	C03740	5-L-Glutamyl-L-alanine	row504	220.1008	344.25	0.5857579271099498	0.9664211944104344	C8H14N2O5
row505	E128	row1143_M+Na[1+];row448_M+H[1+];row505_M(C13)+H[1+]	C03740	5-L-Glutamyl-L-alanine	row505	220.1008	361.42	0.820180033572781	0.41190472069398393	C8H14N2O5
row513	E130	row449_M+H[1+];row513_M(C13)+H[1+]	C00978	N-Acetylserotonin; N-Acetyl-5-hydroxytryptamine	row513	220.1159	27.8	0.6256905414127092	0.8614258029803741	C12H14N2O2
row514	E134	row514_M+H[1+];row556_M(C13)+H[1+]	C00864	(R)-Pantothenate	row514	220.1178	185.07	0.2203249422243298	-3.08472188013696	C9H17NO5
row516	E135	row2801_M+Na[1+];row516_M+2H[2+]	CE2054;CE5976	20-carboxy-leukotriene-B4$12-oxo-10,11-dihydro-20-COOH-LTB4	row516	183.1015	27.54	0.9471227560065717	-0.13311131192517633	C10H14O3
row517	E136	row517_M+H[1+]	CE4888;C05578	dopaminochrome$5,6-Dihydroxyindole; DHI	row517	150.0549	47.24	0.5738920002428048	-0.9981425198142873	C8H7NO2
row530	E22	row49_M(C13)+H[1+];row530_M+Na[1+]	C00906	5,6-Dihydrothymine	row530	151.0475	277.67	0.9662585247782334	-0.08185420257347183	
row531	E62	row246_M+Na[1+];row531_M[1+];row554_M+H[1+];row573_M(C13)+H[1+]	C00242	Guanine	row531	151.0487	146.99	0.795226743877295	-0.4635973113171975	
row532	E63	row532_M[1+];row555_M+H[1+];row574_M(C13)+H[1+]	C00242	Guanine	row532	151.0487	175.09	0.4999062771398982	-1.20708908943904	
row536	E144	row536_M+H[1+]	C02646	4-Coumaryl alcohol; 4-Hydroxycinnamyl alcohol; p-Coumaryl alcohol	row536	151.0753	28.07	0.3158009933670653	2.336088452639678	
row545	E145	row545_M+Na[1+]	C05584	3-Methoxy-4-hydroxymandelate; Vanillylmandelic acid	row545	221.0422	215.6	0.47441590355748353	1.288954261040864	
row548	E151	row548_M+H[1+]	C00847	4-Pyridoxate; 4-Pyridoxic acid	row548	184.0604	33.71	0.7038028400031509	0.6733778178260073	C8H9NO4
row549	E152	row549_M+H[1+]	C00847	4-Pyridoxate; 4-Pyridoxic acid	row549	184.0604	220.72	0.38693626585135743	1.6510914766203753	
row551	E153	row551_M+H[1+]	C01239	N-Acetyl-beta-D-glucosaminylamine	row551	221.1131	280.58	0.09678856376289893	-5.414078687146257	C8H16N2O5
row552	E154	row552_M+Na[1+]	C01879;C04281;C04282	5-Oxoproline$L-1-Pyrroline-3-hydroxy-5-carboxylate$1-Pyrroline-4-hydroxy-2-carboxylate	row552	152.0315	277.41	0.7139417119140126	-0.6496540565867717	
row554	E62	row246_M+Na[1+];row531_M[1+];row554_M+H[1+];row573_M(C13)+H[1+]	C00242	Guanine	row554	152.0566	146.86	0.3847642340050434	1.6636297185350841	C5H5N5O,C5H13NS2
row555	E63	row532_M[1+];row555_M+H[1+];row574_M(C13)+H[1+]	C00242	Guanine	row555	152.0566	174.96	0.37149759052662473	-1.7393990950775584	C5H5N5O,C5H13NS2
row556	E134	row514_M+H[1+];row556_M(C13)+H[1+]	C00864	(R)-Pantothenate	row556	221.1212	184.94	0.29141390697278946	-2.4981431242880525	C9H17NO5
row558	E157	row558_M+H[1+]	C00519	Hypotaurine	row558	110.0273	253.0	0.02146931749047035	13.68258327928336	
row564	E24	row564_M+H[1+]	C05589;C00788	L-Normetanephrine$L-Adrenaline; (R)-(-)-Adrenaline; (R)-(-)-Epinephrine; (R)-(-)-Epirenamine; (R)-(-)-Adnephrine; 4-[(1R)-1-Hydroxy-2-(methylamino)ethyl]-1,2-benzenediol	row564	184.0968	184.94	0.2910527479635858	-2.5030025632010253	
row569	E159	row569_M+H[1+];row590_M(C13)+H[1+]	C00385	Xanthine	row569	153.0406	174.7	0.42986671908522844	-1.4562921885075697	C5H4N4O2
row571	E147	row571_M+H[1+]	C04043;C00642;C05852	3,4-Dihydroxyphenylacetaldehyde; Protocatechuatealdehyde$4-Hydroxyphenylacetate$2-Hydroxyphenylacetate	row571	153.0539	146.86	0.5468805170577883	1.0673728267759126	
row572	E148	row572_M+H[1+]	C04043;C00642;C05852	3,4-Dihydroxyphenylacetaldehyde; Protocatechuatealdehyde$4-Hydroxyphenylacetate$2-Hydroxyphenylacetate	row572	153.0539	174.96	0.6372367666789487	0.8321111138685843	
row573	E62	row246_M+Na[1+];row531_M[1+];row554_M+H[1+];row573_M(C13)+H[1+]	C00242	Guanine	row573	153.0599	146.86	0.38695132368566054	1.6484607806393377	C5H5N5O,C5H13NS2
row574	E63	row532_M[1+];row555_M+H[1+];row574_M(C13)+H[1+]	C00242	Guanine	row574	153.0599	174.96	0.37473866627232816	-1.7055709262790764	C5H5N5O,C5H13NS2
row590	E159	row569_M+H[1+];row590_M(C13)+H[1+]	C00385	Xanthine	row590	154.044	174.96	0.5435213560233713	-1.0761120168888474	C5H4N4O2
row591	E163	row591_M+H[1+]	C00632	3-Hydroxyanthranilate	row591	154.0498	358.67	0.14475598758364072	4.190837167050558	
row592	E38	row112_M(C13)+H[1+];row592_M+Na[1+];row92_M+H[1+]	C00300	Creatine; alpha-Methylguanidino acetic acid; Methylglycocyamine	row592	154.0586	259.59	0.7425201803543188	0.585400649105004	C4H9N3O2
row599	E167	row599_M+H[1+];row618_M(C13)+H[1+]	C00380	Cytosine	row599	112.0508	163.67	0.7031841576298062	-0.6747579632712593	C4H5N3O
row601	E170	row1331_M+H[1+];row601_M+2H[2+]	C01143	(R)-5-Diphosphomevalonate	row601	155.0103	349.54	0.16110887362488274	-3.8875942167281576	
row618	E167	row599_M+H[1+];row618_M(C13)+H[1+]	C00380	Cytosine	row618	113.0541	163.67	0.6744827044097942	-0.7477062237887456	C4H5N3O
row621	E172	row621_M+Na[1+]	C00049;C00402	L-Aspartate$D-Aspartate	row621	156.0265	367.1	0.9680528307799525	-0.07573752553178846	
row627	E176	row627_M+H[1+]	C03564	1-Pyrroline-2-carboxylate; 1-Pyrroline-2-carboxylic acid; delta1-Pyrroline 2-carboxylate	row627	114.0552	301.65	0.2227637344373362	3.0642303988797517	
row628	E52	row206_M+Na[1+];row628_M+H[1+]	C00791		row628	114.0664	259.45	0.1230071064648846	4.574203541260961	C4H7N3O
row640	E2	row640_M+Na[1+];row909_M+HCOONa[1+]	C01019	6-Deoxy-L-galactose; L-Fucose	row640	187.0576	197.55	0.34229961437175643	1.9997131851011365	
row652	E182	row652_M+H[1+]	C02220	2-Aminomuconate	row652	158.0445	358.54	0.0727664192182658	6.382921363678194	C6H7NO4
row652	E183	row652_M+Na[1+]	C00147	Adenine	row652	158.0445	358.54	0.0727664192182658	6.382921363678194	C6H7NO4
row676	E186	row676_M+H[1+]	C00141	3-Methyl-2-oxobutanoate	row676	117.0548	26.1	0.15039489869185166	-4.100628216098056	
row702	E190	row702_M+H[1+];row723_M(C13)+H[1+];row724_M(C13)+H[1+]	C00581;gudac	Guanidinoacetate; Guanidinoacetic acid; Glycocyamine; N-Amidinoglycine; Guanidoacetic acid$Guanidinoacetate	row702	118.0613	260.53	0.011106505291953223	21.34304676299759	C3H7N3O2
row715	E65	row263_M+Na[1+];row715_M+H[1+]	C00624	N-Acetyl-L-glutamate; N-Acetyl-L-glutamic acid	row715	190.0713	300.99	0.7356751988296447	0.6015578825989604	
row718	E19	row42_M+H[1+];row718_M+Na[1+];row76_M(C13)+H[1+]	C00078;C00525	L-Tryptophan$D-Tryptophan	row718	227.079	166.69	0.1681110370177894	3.7895949119316388	C11H12N2O2
row721	E194	row721_M+H[1+]	C00637	Indole-3-acetaldehyde	row721	160.0756	27.93	0.3539549393257737	1.8307276846453773	C8H6O
row723	E190	row702_M+H[1+];row723_M(C13)+H[1+];row724_M(C13)+H[1+]	C00581;gudac	Guanidinoacetate; Guanidinoacetic acid; Glycocyamine; N-Amidinoglycine; Guanidoacetic acid$Guanidinoacetate	row723	119.0647	258.14	0.34229961437175643	1.9533195563375825	
row724	E190	row702_M+H[1+];row723_M(C13)+H[1+];row724_M(C13)+H[1+]	C00581;gudac	Guanidinoacetate; Guanidinoacetic acid; Glycocyamine; N-Amidinoglycine; Guanidoacetic acid$Guanidinoacetate	row724	119.0647	260.4	0.06591867262585123	6.681084759511622	C3H7N3O2
row732	E73	row289_M+Na[1+];row732_M(C13)+H[1+]	C00719;C00431;C00183	Glycine betaine$5-Aminopentanoate; 5-Aminopentanoic acid; 5-Aminovaleric acid$L-Valine	row732	119.0897	213.99	0.8974210953117193	0.24404969917601085	C5H11NO2
row757	E77	row296_M+Na[1+];row297_M+Na[1+];row298_M+Na[1+];row757_M+H[1+];row789_M(C13)+H[1+]	C05829		row757	191.0662	377.61	0.34229961437175643	2.084766945839824	C6H10N2O5
row764	E196	row764_M+Na[1+]	C00785	Urocanate	row764	161.0315	227.55	0.2542147810989699	2.789857439367327	
row767	E198	row1526_M+Na[1+];row767_M+H[1+];row797_M(C13)+H[1+]	C00881	Deoxycytidine	row767	228.0977	235.85	0.06591867262585123	6.679486467143275	C9H13N3O4
row785	E204	row785_M+Na[1+];row786_M+Na[1+]	C00547;C00314	Norepinephrine$Pyridoxine	row785	192.0635	357.88	0.17781596325945637	-3.649083202396234	
row786	E204	row785_M+Na[1+];row786_M+Na[1+]	C00547;C00314	Norepinephrine$Pyridoxine	row786	192.0635	359.72	0.6886856725170931	-0.7130441365768637	
row787	E205	row787_M+Na[1+]	C00547;C00314	Norepinephrine$Pyridoxine	row787	192.0635	378.0	0.7094748419051005	-0.6580671886546399	
row788	E206	row788_M+H[1+];row814_M(C13)+H[1+]	C05635;C16596	5-Hydroxyindoleacetate$5-Phenyl-1,3-oxazinane-2,4-dione	row788	192.0654	168.92	0.9907773363647033	-0.019466050955526476	C10H9NO3
row789	E77	row296_M+Na[1+];row297_M+Na[1+];row298_M+Na[1+];row757_M+H[1+];row789_M(C13)+H[1+]	C05829		row789	192.0694	377.61	0.3601299897407588	1.7923624126087099	C6H10N2O5
row789	E208	row789_M+H[1+]	C02712	N-Acetylmethionine	row789	192.0694	377.61	0.3601299897407588	1.7923624126087099	C6H10N2O5
row797	E198	row1526_M+Na[1+];row767_M+H[1+];row797_M(C13)+H[1+]	C00881	Deoxycytidine	row797	229.1011	235.85	0.046040113209373776	9.769840948539807	C9H13N3O4
row798	E209	row798_M+H[1+]	C00601	Phenylacetaldehyde; alpha-Tolualdehyde	row798	121.0649	26.49	0.34229961437175643	-2.1272862239171184	C8H8O
row814	E206	row788_M+H[1+];row814_M(C13)+H[1+]	C05635;C16596	5-Hydroxyindoleacetate$5-Phenyl-1,3-oxazinane-2,4-dione	row814	193.0688	168.79	0.9527502670021634	0.11972563943401844	C10H9NO3
row832	E213	row832_M+H[1+];row857_M(C13)+H[1+]	C00153	Nicotinamide	row832	123.0554	32.92	0.5831421209655333	0.9718323594802769	
row846	E216	row846_M+Na[1+]	C00328;C05647	L-Kynurenine$Formyl-5-hydroxykynurenamine	row846	231.0739	168.79	0.6279618216759058	0.8565753801536407	C10H12N2O3
row857	E213	row832_M+H[1+];row857_M(C13)+H[1+]	C00153	Nicotinamide	row857	124.0587	32.92	0.600709173957751	0.9258853411561799	
row872	E222	row872_M+H[1+]	C04185;CE5278;C01693	5,6-Dihydroxyindole-2-carboxylate; DHICA$dopachrome o-semiquinone$L-Dopachrome; 2-L-Carboxy-2,3-dihydroindole-5,6-quinone	row872	194.0447	379.84	0.42986671908522844	-1.456920483577048	
row891	E4	row7_M+H[1+];row891_M[1+]	C01019	6-Deoxy-L-galactose; L-Fucose	row891	164.0682	315.44	0.285149507075325	-2.5448321231022124	
row902	E1	row3_M(C13)+H[1+];row460_M+Na[1+];row902_M+H[1+]	C00245	Taurine	row902	126.0219	220.46	0.09420238999929746	5.506689843771881	C2H7NO3S
row909	E2	row640_M+Na[1+];row909_M+HCOONa[1+]	C01019	6-Deoxy-L-galactose; L-Fucose	row909	233.0631	197.28	0.9109754356748174	-0.21110879636331906	C13H12O2S
row909	E223	row909_M+Na[1+]	C02076	sedoheptulose	row909	233.0631	197.28	0.9109754356748174	-0.21110879636331906	C13H12O2S
row910	E224	row910_M+Na[1+]	C02076	sedoheptulose	row910	233.0631	220.19	0.6294198550636713	-0.8535322509332224	
row914	E53	row914_M+Na[1+]	C00093	Glycerol 3-phosphate	row914	195.0028	212.15	0.34229961437175643	-1.9581980516186017	
row915	E55	row208_M+H[1+];row915_M+Na[1+]	C00093	Glycerol 3-phosphate	row915	195.0028	299.29	0.06184532938309395	-7.000094115084381	C3H9O6P
row959	E229	row959_M+Na[1+];row960_M+Na[1+]	C06054	2-Oxo-3-hydroxy-4-phosphobutanoate; alpha-Keto-3-hydroxy-4-phosphobutyrate; (3R)-3-Hydroxy-2-oxo-4-phosphonooxybutanoate	row959	236.977	231.65	0.11744871772308423	4.701278514753257	
row960	E229	row959_M+Na[1+];row960_M+Na[1+]	C06054	2-Oxo-3-hydroxy-4-phosphobutanoate; alpha-Keto-3-hydroxy-4-phosphobutyrate; (3R)-3-Hydroxy-2-oxo-4-phosphonooxybutanoate	row960	236.977	234.01	0.23653248521451592	2.946276827508492	
row962	E231	row962_M+Na[1+]	C01250	N-Acetyl-L-glutamate 5-semialdehyde; 2-Acetamido-5-oxopentanoate	row962	196.058	186.91	0.7451364046670974	-0.5767745380705451	
row967	E233	row967_M+H[1+]	C16586;CE2173	2-Phenyl-1,3-propanediol monocarbamate$	row967	196.0969	28.07	0.3547539320889381	1.8249105778175445	C10H13NO3
row972	E235	row1020_M(C13)+H[1+];row972_M+H[1+]	CE5860		row972	237.1233	27.93	0.45160594359363615	-1.3711799380523149	C10H13NO3
row973	E237	row1022_M(C13)+H[1+];row973_M+H[1+]	CE5860		row973	237.1233	156.58	0.6116105509498555	-0.8979593182302607	C12H16N2O3
row1000	E238	row1000_M+Na[1+];row1001_M+Na[1+];row1002_M+Na[1+]	C00439	N-Formimidoyl-L-glutamate	row1000	197.0534	231.91	0.42858226041312847	1.4638158653502924	
row1001	E238	row1000_M+Na[1+];row1001_M+Na[1+];row1002_M+Na[1+]	C00439	N-Formimidoyl-L-glutamate	row1001	197.0534	239.26	0.34229961437175643	1.9998961636078454	
row1002	E238	row1000_M+Na[1+];row1001_M+Na[1+];row1002_M+Na[1+]	C00439	N-Formimidoyl-L-glutamate	row1002	197.0534	243.63	0.3697902978390059	1.7558527690475298	
row1008	E240	row1008_M+Na[1+]	C00062;C00792	L-Arginine$D-Arginine; D-2-Amino-5-guanidinovaleric acid	row1008	197.1009	364.58	0.8347952077649172	0.3849230632619565	
row1011	E242	row1011_M+Na[1+]	C06055	O-Phospho-4-hydroxy-L-threonine; 4-(Phosphonooxy)-threonine; 4-(Phosphonooxy)-L-threonine	row1011	238.0087	214.38	0.3612188667492894	1.7891208016497995	
row1013	E101	row1013_M+Na[1+];row377_M+H[1+];row394_M(C13)+H[1+]	C01233	sn-Glycero-3-phosphoethanolamine	row1013	238.045	299.42	0.06939278621064666	-6.5167170316834415	
row1017	E245	row1017_M+H[1+];row1053_M(C13)+H[1+];row2047_M+Na[1+]	CE2847	fructoseglycine	row1017	238.092	317.8	0.10212956099984655	-5.138552233745242	C9H19NO2S2,C8H15NO7
row1020	E235	row1020_M(C13)+H[1+];row972_M+H[1+]	CE5860		row1020	238.1267	27.8	0.40680504308778026	-1.5686887202448583	C10H13NO3
row1022	E237	row1022_M(C13)+H[1+];row973_M+H[1+]	CE5860		row1022	238.1267	156.32	0.702819155235053	-0.6763564888213465	C12H16N2O3
row1045	E72	row1045_M+Na[1+];row288_M+H[1+]	C01045;C01042	N-Formyl-L-glutamate$N-Acetyl-L-aspartate	row1045	198.0374	300.07	0.18356896641164	3.5889914295927485	C6H9NO5
row1048	E84	row1048_M+Na[1+]	C00954;C05634	Indole-3-acetate$5-Hydroxyindoleacetaldehyde	row1048	198.0526	299.42	0.08658765842758384	-5.738847493143915	C5H12NO5P,C9H9O5
row1052	E246	row1052_M+H[1+]	C04692	Peptide 2-[3-carboxy-3-(methylammonio)propyl]-L-histidine; 2-[3-Carboxy-3-(methylammonio)propyl]-L-histidine; EF-2 2-[3-carboxy-3-(methylammonio)propyl]-L-histidine; Elongation factor 2 2-[3-carboxy-3-(methylammonio)propyl]-L-histidine	row1052	272.149	26.23	0.3592838068390183	-1.8007203121014697	C14H20O5
row1053	E245	row1017_M+H[1+];row1053_M(C13)+H[1+];row2047_M+Na[1+]	CE2847	fructoseglycine	row1053	239.0954	317.54	0.3539549393257737	-1.8329765607556294	C9H19NO2S2,C8H15NO7
row1058	E249	row1058_M+H[1+];row1059_M+H[1+]	C07501	Felbamate	row1058	239.1023	220.19	0.8838150115661744	-0.27811579778381695	C11H14N2O4
row1059	E249	row1058_M+H[1+];row1059_M+H[1+]	C07501	Felbamate	row1059	239.1023	227.81	0.750973382725801	-0.5649041202251601	
row1065	E253	row1065_M+H[1+];row1066_M+H[1+];row1089_M(C13)+H[1+];row1090_M(C13)+H[1+]	C02934;C00319	3-Dehydrosphinganine$Sphingosine	row1065	300.2895	29.25	0.4289526831370341	1.4605651139611247	C18H37NO2
row1066	E253	row1065_M+H[1+];row1066_M+H[1+];row1089_M(C13)+H[1+];row1090_M(C13)+H[1+]	C02934;C00319	3-Dehydrosphinganine$Sphingosine	row1066	300.2895	35.02	0.42392257858612253	1.4821160015801997	C18H37NO2
row1067	E254	row1067_M+H[1+]	C05588	L-Metanephrine	row1067	198.1123	146.73	0.5744668557146472	0.9969375486724472	C10H15NO3
row1082	E255	row1082_M+Na[1+]	C00831	Pantetheine; (R)-Pantetheine	row1082	301.1188	29.38	0.7198337276563623	-0.6382757023969986	C11H22N2O4S
row1089	E253	row1065_M+H[1+];row1066_M+H[1+];row1089_M(C13)+H[1+];row1090_M(C13)+H[1+]	C02934;C00319	3-Dehydrosphinganine$Sphingosine	row1089	301.2928	29.38	0.46063298699874333	1.3358364416473536	C18H37NO2
row1090	E253	row1065_M+H[1+];row1066_M+H[1+];row1089_M(C13)+H[1+];row1090_M(C13)+H[1+]	C02934;C00319	3-Dehydrosphinganine$Sphingosine	row1090	301.2928	35.16	0.4088164350516365	1.5590328347973197	C18H37NO2
row1097	E34	row1097_M[1+];row1147_M+H[1+]	CE2705;CE5236	quinonoid dihydrobiopterin$O2'-4a-cyclic-tetrahydrobiopterin	row1097	240.1091	252.74	0.9802510768499078	-0.046991993345458005	
row1097	E248	row1097_M+H[1+]	C00268;C02953;C04244	6,7-Dihydrobiopterin$7,8-Dihydrobiopterin$6-Lactoyl-5,6,7,8-tetrahydropterin	row1097	240.1091	252.74	0.9802510768499078	-0.046991993345458005	
row1140	E260	row1140_M+H[1+];row1162_M(C13)+H[1+];row1163_M(C13)+H[1+];row1164_M(C13)+H[1+]	C00836	Sphinganine	row1140	302.3051	35.81	0.4158138253847332	1.528530156454233	C18H39NO2
row1143	E128	row1143_M+Na[1+];row448_M+H[1+];row505_M(C13)+H[1+]	C03740	5-L-Glutamyl-L-alanine	row1143	241.0794	358.54	0.10201575775401783	5.194660962739686	
row1144	E129	row1144_M+Na[1+]	C03740	5-L-Glutamyl-L-alanine	row1144	241.0794	392.71	0.04697072718748527	-9.368354730487727	
row1147	E34	row1097_M[1+];row1147_M+H[1+]	CE2705;CE5236	quinonoid dihydrobiopterin$O2'-4a-cyclic-tetrahydrobiopterin	row1147	241.1158	247.09	0.610865509909332	0.9005010863066714	
row1148	E35	row1148_M+H[1+]	CE2705;CE5236	quinonoid dihydrobiopterin$O2'-4a-cyclic-tetrahydrobiopterin	row1148	241.1158	271.33	0.13570587563651262	4.336219592884286	C9H18N2O4
row1149	E264	row1149_M+Na[1+]	CE5820	histidyl-prolinamide	row1149	275.1347	329.25	0.7987447439543822	0.4555578428920004	C10H18N4O5
row1162	E260	row1140_M+H[1+];row1162_M(C13)+H[1+];row1163_M(C13)+H[1+];row1164_M(C13)+H[1+]	C00836	Sphinganine	row1162	303.3084	28.33	0.34850028023795754	1.871973533977259	
row1163	E260	row1140_M+H[1+];row1162_M(C13)+H[1+];row1163_M(C13)+H[1+];row1164_M(C13)+H[1+]	C00836	Sphinganine	row1163	303.3084	30.82	0.34229961437175643	1.9670551227816377	C18H39NO2
row1164	E260	row1140_M+H[1+];row1162_M(C13)+H[1+];row1163_M(C13)+H[1+];row1164_M(C13)+H[1+]	C00836	Sphinganine	row1164	303.3084	35.55	0.3477743546646553	1.8839834998791039	C18H39NO2
row1170	E265	row1170_M+H[1+]	C06114	gamma-Glutamyl-beta-aminopropiononitrile; gamma-Glutamyl-3-aminopropiononitrile	row1170	200.1029	307.95	0.06208216366676278	-6.9297210396998	C6H10N2O3
row1204	E268	row1204_M+Na[1+];row1205_M+Na[1+]	C05401	3-beta-D-Galactosyl-sn-glycerol; Galactosylglycerol	row1204	277.0891	219.54	0.42226331530729094	1.4889797309531216	
row1205	E268	row1204_M+Na[1+];row1205_M+Na[1+]	C05401	3-beta-D-Galactosyl-sn-glycerol; Galactosylglycerol	row1205	277.0891	226.89	0.30865214443430267	2.388030933310201	
row1212	E140	row1212_M+H[1+];row2129_M+Na[1+]	C00449	N6-(L-1,3-Dicarboxypropyl)-L-lysine; Saccharopine; L-Saccharopine; N-[(S)-5-Amino-5-carboxypentyl]-L-glutamic acid	row1212	277.139	387.32	0.31460633122335924	-2.3453110535787567	C11H20N2O6
row1222	E269	row1222_M+H[1+]	C16300	Stearidonic acid; 6,9,12,15-Octadecatetraenoic acid; (6Z,9Z,12Z,15Z)-Octadecatetraenoic acid	row1222	277.216	28.07	0.6489481361172293	0.8057216081388452	
row1249	E274	row1249_M+Na[1+];row1552_M+H[1+];row1616_M(C13)+H[1+]	C00387	Guanosine	row1249	306.0806	175.88	0.44096702463097254	-1.4076307267500034	C17H17Cl2N
row1269	E276	row1269_M+H[1+];row1322_M(C13)+H[1+];row2318_M+Na[1+]	C05711;C00475	gamma-Glutamyl-beta-cyanoalanine$Cytidine	row1269	244.0927	163.67	0.6636331377407202	-0.7691750419315833	C9H13N3O5
row1276	E91	row1276_M+Na[1+];row1613_M+H[1+]	C01762	Xanthosine	row1276	307.0646	220.06	0.34229961437175643	1.9638229060090944	C10H12N4O6,C10H12N4O6
row1300	E280	row1300_M+Na[1+]	C00031;C00221;C02336;C00267;C00962;C00795;C00137;C00984;C00159	D-Glucose$beta-D-Glucose$beta-D-Fructose; beta-Fruit sugar; beta-D-arabino-Hexulose; beta-Levulose; Fructose$alpha-D-Glucose$beta-D-Galactose$D-Tagatose; lyxo-Hexulose$myo-Inositol$alpha-D-Galactose$D-Mannose	row1300	203.0526	198.07	0.6804033670693896	0.7358546369401874	
row1301	E281	row1301_M+Na[1+]	C00031;C00221;C02336;C00267;C00962;C00795;C00137;C00984;C00159	D-Glucose$beta-D-Glucose$beta-D-Fructose; beta-Fruit sugar; beta-D-arabino-Hexulose; beta-Levulose; Fructose$alpha-D-Glucose$beta-D-Galactose$D-Tagatose; lyxo-Hexulose$myo-Inositol$alpha-D-Galactose$D-Mannose	row1301	203.0526	216.91	0.7920612058641809	0.4715930593768473	
row1306	E284	row1306_M+Na[1+];row1307_M+Na[1+]	C04441	Peptide 2-(3-carboxy-3-aminopropyl)-L-histidine	row1306	279.1075	387.32	0.9412030136607183	0.1478202021885703	C11H18O8
row1307	E284	row1306_M+Na[1+];row1307_M+Na[1+]	C04441	Peptide 2-(3-carboxy-3-aminopropyl)-L-histidine	row1307	279.1075	392.57	0.05693439623759287	-7.628770383129129	
row1311	E285	row1311_M+Na[1+];row1312_M+Na[1+]	C05638	5-Hydroxykynurenamine	row1311	203.0786	364.58	0.6518175000301759	0.7988441135616725	
row1312	E285	row1311_M+Na[1+];row1312_M+Na[1+]	C05638	5-Hydroxykynurenamine	row1312	203.0786	369.33	0.7246217447020261	-0.6277580974141818	
row1319	E287	row1319_M+H[1+];row1357_M(C13)+H[1+]	C00299	Uridine	row1319	245.0766	396.38	0.15039489869185166	-4.101905616553494	C9H12N2O6
row1322	E276	row1269_M+H[1+];row1322_M(C13)+H[1+];row2318_M+Na[1+]	C05711;C00475	gamma-Glutamyl-beta-cyanoalanine$Cytidine	row1322	245.0959	163.67	0.6387613862975634	-0.8283589520689911	C9H13N3O5
row1322	E289	row1322_M+H[1+];row2354_M+Na[1+]	C00120	Biotin; D-Biotin; Vitamin H; Coenzyme R	row1322	245.0959	163.67	0.6387613862975634	-0.8283589520689911	C9H13N3O5
row1330	E168	row1330_M+H[1+]	C01143	(R)-5-Diphosphomevalonate	row1330	309.0134	145.94	0.43863586790940345	1.4223074851178845	C6H14O10P2
row1331	E170	row1331_M+H[1+];row601_M+2H[2+]	C01143	(R)-5-Diphosphomevalonate	row1331	309.0134	349.41	0.9042175368474722	0.22701222445588434	
row1332	E291	row1332_M+Na[1+]	C03838	N1-(5-Phospho-D-ribosyl)glycinamide	row1332	309.0448	221.11	0.8243710413875596	0.40330723486667835	
row1357	E287	row1319_M+H[1+];row1357_M(C13)+H[1+]	C00299	Uridine	row1357	246.0797	396.38	0.2884567121057868	-2.523568782128743	C9H12N2O6
row1363	E294	row1363_M+Na[1+]	CE5920		row1363	246.1235	165.9	0.024903845854937476	12.79919987442411	C11H12N2O2
row1393	E16	row1393_M+Na[1+]	C00670	sn-Glycero-3-phosphocholine	row1393	281.099	243.24	0.47600353657837385	1.2806761155267425	C19H15Cl
row1497	E300	row1497_M+Na[1+]	C06486;C00386	(6R)-6-(L-erythro-1,2-Dihydroxypropyl)-5,6,7,8-tetrahydro-4a-$Carnosine; Nalpha-(beta-alanyl)-L-histidine	row1497	249.0958	216.91	0.7334309813552062	0.6066187091977304	
row1498	E301	row1498_M+Na[1+]	C06486;C00386	(6R)-6-(L-erythro-1,2-Dihydroxypropyl)-5,6,7,8-tetrahydro-4a-$Carnosine; Nalpha-(beta-alanyl)-L-histidine	row1498	249.0958	362.08	0.9324956146278155	-0.16382047102827677	C9H14N4O3
row1510	E302	row1510_M+H[1+];row1540_M(C13)+H[1+];row2328_M+Na[1+]	C01225	sn-glycero-3-Phospho-1-inositol; 1-(sn-glycero-3-Phospho)-1D-myo-inositol	row1510	335.0734	352.59	0.34850028023795754	1.8717002484123377	C9H19O11P
row1526	E198	row1526_M+Na[1+];row767_M+H[1+];row797_M(C13)+H[1+]	C00881	Deoxycytidine	row1526	250.0796	235.59	0.10435467506538422	5.073830865888206	C9H13N3O4
row1527	E306	row1527_M+H[1+];row1572_M(C13)+H[1+]	C01136;C16255	S-Acetyldihydrolipoamide; 6-S-Acetyldihydrolipoamide$[Dihydrolipoyllysine-residue acetyltransferase] S-acetyldihydrolipoyllysine; S-Acetyldihydrolipoamide-E	row1527	250.0933	35.29	0.18478475222588586	3.5595815979420973	C10H19NO2S2,C10H11N5O3
row1537	E303	row1537_M+Na[1+]	C04640	2-(Formamido)-N1-(5-phospho-D-ribosyl)acetamidine	row1537	336.0584	184.81	0.4611997956459617	-1.3308200410232907	
row1540	E302	row1510_M+H[1+];row1540_M(C13)+H[1+];row2328_M+Na[1+]	C01225	sn-glycero-3-Phospho-1-inositol; 1-(sn-glycero-3-Phospho)-1D-myo-inositol	row1540	336.0767	352.59	0.4095232903552816	1.5546376015763141	C9H19O11P
row1541	E307	row1541_M+H[1+];row1580_M(C13)+H[1+]	C01031	S-Formylglutathione	row1541	336.0869	319.38	0.28817960456873226	-2.5266217227998786	C11H17N3O7S,C19H13NO5
row1552	E274	row1249_M+Na[1+];row1552_M+H[1+];row1616_M(C13)+H[1+]	C00387	Guanosine	row1552	284.0987	174.96	0.3813191859718863	-1.6755350433197884	C10H13N5O5
row1569	E310	row1569_M+H[1+];row1622_M(C13)+H[1+]	C00669	gamma-L-Glutamyl-L-cysteine	row1569	251.0695	312.02	0.37251771749643675	1.724353436778715	
row1572	E306	row1527_M+H[1+];row1572_M(C13)+H[1+]	C01136;C16255	S-Acetyldihydrolipoamide; 6-S-Acetyldihydrolipoamide$[Dihydrolipoyllysine-residue acetyltransferase] S-acetyldihydrolipoyllysine; S-Acetyldihydrolipoamide-E	row1572	251.0967	35.42	0.21086023683111685	3.2256522306828237	C10H19NO2S2,C10H11N5O3
row1580	E307	row1541_M+H[1+];row1580_M(C13)+H[1+]	C01031	S-Formylglutathione	row1580	337.0894	319.38	0.31697137791015667	-2.321598730513971	C11H17N3O7S,C19H13NO5
row1593	E188	row1593_M+H[1+]	CE1261	5-S-cysteinyldopa	row1593	317.0807	259.59	0.5591222704797026	1.0386495325469298	
row1613	E91	row1276_M+Na[1+];row1613_M+H[1+]	C01762	Xanthosine	row1613	285.0826	220.06	0.4999062771398982	1.2063572367417392	C10H12N4O6,C10H12N4O6
row1616	E274	row1249_M+Na[1+];row1552_M+H[1+];row1616_M(C13)+H[1+]	C00387	Guanosine	row1616	285.1023	174.96	0.46063298699874333	-1.3367418060860892	C10H13N5O5
row1622	E310	row1569_M+H[1+];row1622_M(C13)+H[1+]	C00669	gamma-L-Glutamyl-L-cysteine	row1622	252.0725	303.75	0.02841317632954187	-11.99803585463892	
row1719	E219	row1719_M+Na[1+]	CE1661	gama-L-glutamyl-L-alpha-aminobutyrate	row1719	254.0885	304.54	0.9940220613130505	0.01277197071158756	C16H12O3
row1726	E320	row1726_M+H[1+];row1727_M+H[1+]	C05403	3-Ketolactose	row1726	341.1064	269.73	0.37353991993767116	1.716730079534873	
row1727	E320	row1726_M+H[1+];row1727_M+H[1+]	C05403	3-Ketolactose	row1727	341.1064	276.36	0.2840168460305557	-2.5553028339532218	
row1749	E327	row1749_M+H[1+]	C05844	5-L-Glutamyl-taurine	row1749	255.0647	312.29	0.37149759052662473	1.7366762086135823	
row1789	E329	row1789_M+H[1+];row1883_M+Na[1+]	C00364	dTMP	row1789	323.0635	275.96	0.27308688193255093	2.6342299212365052	C10H15N2O8P
row1821	E333	row1821_M+Na[1+]	C16265	N-Acetylgalactosamine 4-sulfate	row1821	324.0356	184.42	0.5424290971974415	-1.0787758910188288	
row1822	E334	row1822_M+Na[1+]	C16265	N-Acetylgalactosamine 4-sulfate	row1822	324.0356	217.44	0.7257084134655121	-0.6249811562132149	
row1822	E336	row1822_M[1+];row1865_M+H[1+];row1880_M(C13)+H[1+]	C00105;C01368	UMP$3'-UMP; Uridine 3'-monophosphate; Uridine 3'-phosphate	row1822	324.0356	217.44	0.7257084134655121	-0.6249811562132149	
row1826	E341	row1826_M+H[1+];row1870_M(C13)+H[1+];row1932_M+Na[1+]	C00055	CMP	row1826	324.0587	366.18	0.5485057109131936	1.0614328580878005	C9H14N3O8P
row1865	E336	row1822_M[1+];row1865_M+H[1+];row1880_M(C13)+H[1+]	C00105;C01368	UMP$3'-UMP; Uridine 3'-monophosphate; Uridine 3'-phosphate	row1865	325.043	227.02	0.5668167620500141	1.0179854141911284	
row1866	E337	row1866_M+H[1+];row1881_M(C13)+H[1+]	C00105;C01368	UMP$3'-UMP; Uridine 3'-monophosphate; Uridine 3'-phosphate	row1866	325.043	310.84	0.3024462367019267	2.426683900648179	
row1870	E341	row1826_M+H[1+];row1870_M(C13)+H[1+];row1932_M+Na[1+]	C00055	CMP	row1870	325.0623	366.18	0.26440154136778155	2.705015228008112	C9H14N3O8P
row1880	E336	row1822_M[1+];row1865_M+H[1+];row1880_M(C13)+H[1+]	C00105;C01368	UMP$3'-UMP; Uridine 3'-monophosphate; Uridine 3'-phosphate	row1880	326.046	227.15	0.962813989251375	0.08925606771847233	
row1881	E337	row1866_M+H[1+];row1881_M(C13)+H[1+]	C00105;C01368	UMP$3'-UMP; Uridine 3'-monophosphate; Uridine 3'-phosphate	row1881	326.046	310.58	0.25010917312814457	2.8225825065690033	
row1883	E329	row1789_M+H[1+];row1883_M+Na[1+]	C00364	dTMP	row1883	345.0456	276.75	0.23828003237942616	2.921353046854927	C10H15N2O8P
row1932	E341	row1826_M+H[1+];row1870_M(C13)+H[1+];row1932_M+Na[1+]	C00055	CMP	row1932	346.0406	365.92	0.2336080600970456	2.9706960613677738	C9H14N3O8P
row1965	E356	row1965_M+H[1+]	C03373	5-amino-1-(5-phospho-D-ribosyl)imidazole	row1965	296.0655	318.46	0.050950588735128595	-8.352557552097018	C8H20NO6P,C10H15N3O5
row1973	E225	row1973_M+Na[1+]	C02355	2',3'-Cyclic UMP	row1973	329.0152	364.58	0.9795486926749482	-0.049470403726341546	
row1977	E358	row1977_M+Na[1+]	C02406;C02700	Formylkynurenine$L-Formylkynurenine	row1977	259.0683	185.33	0.4999062771398982	-1.2098420277058957	C11H12N2O4
row2041	E359	row2041_M+H[1+];row2333_M+Na[1+]	C00130	IMP	row2041	349.0542	317.14	0.26628062330098146	2.6840432187463086	C10H13N4O8P,C9H17O12P
row2047	E245	row1017_M+H[1+];row1053_M(C13)+H[1+];row2047_M+Na[1+]	CE2847	fructoseglycine	row2047	260.0737	317.28	0.754726839517185	0.555999825574223	C9H19NO2S2,C8H15NO7
row2050	E273	row2050_M+Na[1+]	C03684;C00835	6-Pyruvoyl-5,6,7,8-tetrahydropterin$Sepiapterin	row2050	260.0765	387.32	0.5228925407931784	-1.134433900478841	
row2071	E362	row2071_M+H[1+];row2127_M(C13)+H[1+]	C00170	5-Methylthioadenosine	row2071	298.0966	34.63	0.33484238574535413	2.179954004549504	C11H15N5O3S
row2079	E363	row2079_M+Na[1+]	CE5922		row2079	350.2067	27.54	0.34229961437175643	1.956663989377391	C14H26O7
row2127	E362	row2071_M+H[1+];row2127_M(C13)+H[1+]	C00170	5-Methylthioadenosine	row2127	299.1002	34.63	0.2689171500244511	2.665328369739096	C11H15N5O3S
row2129	E140	row1212_M+H[1+];row2129_M+Na[1+]	C00449	N6-(L-1,3-Dicarboxypropyl)-L-lysine; Saccharopine; L-Saccharopine; N-[(S)-5-Amino-5-carboxypentyl]-L-glutamic acid	row2129	299.121	387.32	0.37149759052662473	-1.7441776278136374	C11H20N2O6
row2233	E369	row2233_M+H+Na[2+];row3057_M+H[1+]	C00721;C00492;strch2;C05404;C01835	Dextrin$Raffinose$starch, structure 2 (1,6-{2[1,4-Glc], [1,4-Glc]})$D-Gal alpha 1->6D-Gal alpha 1->6D-Glucose; D-Gal-alpha1->6D-Gal-alpha1->6D-Glucose; Manninotriose$Maltotriose; Amylotriose	row2233	264.0817	185.47	0.6959691381983261	0.6921909094041356	
row2247	E350	row2247_M+Na[1+]	C05399	Melibiitol; 6-O-alpha-D-Galactosyl-D-glucitol	row2247	367.1208	265.26	0.6077650346734496	-0.9064688310225099	
row2248	E351	row2248_M+Na[1+]	C05399	Melibiitol; 6-O-alpha-D-Galactosyl-D-glucitol	row2248	367.1208	290.33	0.41712303031544057	-1.5146560694667028	
row2318	E276	row1269_M+H[1+];row1322_M(C13)+H[1+];row2318_M+Na[1+]	C05711;C00475	gamma-Glutamyl-beta-cyanoalanine$Cytidine	row2318	266.0745	164.19	0.9685081411526991	0.0733535369793721	C9H13N3O5
row2321	E375	row2321_M+Na[1+]	CE5141		row2321	370.1751	258.54	0.748904576181588	0.5710585056702925	C20H23N3O4
row2328	E302	row1510_M+H[1+];row1540_M(C13)+H[1+];row2328_M+Na[1+]	C01225	sn-glycero-3-Phospho-1-inositol; 1-(sn-glycero-3-Phospho)-1D-myo-inositol	row2328	357.0553	352.59	0.3532349345595308	1.8379853695554058	C9H19O11P
row2333	E359	row2041_M+H[1+];row2333_M+Na[1+]	C00130	IMP	row2333	371.0358	316.75	0.34229961437175643	1.9714114590793625	C10H13N4O8P,C9H17O12P
row2342	E376	row2342_M+Na[1+];row2591_M+H[1+]	C03451	(R)-S-Lactoylglutathione	row2342	402.0937	289.28	0.2685011391193882	2.670042891058304	C13H21N3O8S,C13H21N3O8S
row2354	E289	row1322_M+H[1+];row2354_M+Na[1+]	C00120	Biotin; D-Biotin; Vitamin H; Coenzyme R	row2354	267.078	164.19	0.9829428306188206	-0.039965659710330816	C9H13N3O5
row2368	E381	row2368_M+Na[1+]	CE7114;CE2053;CE5138;CE5661;CE7115;CE7113;CE7112;CE7088	$20-oxo-leukotriene B4$12-oxo-20-hydroxy-leukotriene B4$15-oxo-lipoxin A4$20-hydroxy-leukotriene B5$15-epi-lipoxin B5$15-epi-lipoxin A5$PGH3	row2368	372.1898	303.36	0.44587774394162705	1.3880733247622972	C22H26O5,C20H23FN4O2
row2381	E382	row2381_M+H[1+]	C05983	Propinol adenylate; Propionyladenylate	row2381	404.0947	385.75	0.6443579560341702	-0.8143810688536501	
row2390	E383	row2390_M+H[1+]	C00015	UDP	row2390	405.009	370.51	0.6847942498189865	-0.7248523229083302	C9H14N2O12P2
row2391	E384	row2391_M+H[1+]	C00015	UDP	row2391	405.009	420.28	0.7930853222247489	-0.4696114886292316	C9H14N2O12P2
row2392	E385	row2392_M(C13)+H[1+];row2961_M+Na[1+];row2962_M+Na[1+]	C00112	CDP	row2392	405.028	396.38	0.5348154070645045	-1.1002853246777122	
row2414	E386	row2414_M+H[1+]	CE5079	1alpha-hydroxy-23-carboxy-24,25,26,27-tetranorvitamin D3	row2414	374.2435	26.36	0.8803204864828911	0.2852157301632928	
row2424	E388	row2424_M+Na[1+]	C14864;C14865	S-(2-Chloroacetyl)glutathione$2-(S-Glutathionyl)acetyl chloride	row2424	406.0433	226.89	0.8368371354134944	0.3804198497348127	
row2429	E390	row2429_M+Na[1+];row2691_M+H[1+]	mn;C00611	beta-1,4-mannose-N-acetylglucosamine$N-Acetyllactosamine; beta-D-Galactosyl-1,4-N-acetyl-D-glucosamine; beta-D-Galactosyl-1,4-N-acetyl-beta-D-glucosamine	row2429	406.1315	258.4	0.04697072718748527	-9.574585217581147	C14H25NO11,C15H29NO6S2
row2443	E392	row2443_M[1+];row2471_M+H[1+]	C01060	3,5-Diiodo-L-tyrosine	row2443	432.8681	209.13	0.09678856376289893	5.410258289038492	
row2471	E392	row2443_M[1+];row2471_M+H[1+]	C01060	3,5-Diiodo-L-tyrosine	row2471	433.8726	209.26	0.1295446080957224	4.434814486263958	
row2478	E398	row2478_M+Na[1+]	C14774;C14775;C14772;C14773	11,12-DHET$14,15-DHET; (5Z,8Z,11Z)-14,15-Dihydroxyeicosa-5,8,11-trienoic acid; (5Z,8Z,11Z)-14,15-Dihydroxyicosa-5,8,11-trienoic acid$5,6-DHET; (8Z,11Z,14Z)-5,6-Dihydroxyeicosa-8,11,14-trienoic acid; (8Z,11Z,14Z)-5,6-Dihydroxyicosa-8,11,14-trienoic acid$8,9-DHET; (5Z,11Z,14Z)-8,9-Dihydroxyeicosa-5,11,14-trienoic acid; (5Z,11Z,14Z)-8,9-Dihydroxyicosa-5,11,14-trienoic acid	row2478	361.2354	24.91	0.7078064186910614	-0.6613918062328428	
row2492	E399	row2492_M+Na[1+];row2571_M+H[1+]	CE6229	13E-tetranor-16-carboxy-LTE4	row2492	434.1244	227.68	0.37473866627232816	1.705309607526591	C20H21N5O3S
row2493	E400	row2493_M+H[1+]	CE2863	neurotensin 11-13	row2493	408.2483	24.52	0.7371686995057036	0.5949326534351991	
row2513	E102	row2513_M+H[1+]	C00695	Cholate	row2513	409.2956	24.91	0.4689725888462497	1.3073106717496608	
row2516	E403	row2516_M+Na[1+]	C01344	dIDP; 2'-Deoxyinosine-5'-diphosphate; 2'-Deoxyinosine 5'-diphosphate	row2516	435.0087	224.53	0.23822012078857344	-2.925561272713016	
row2571	E399	row2492_M+Na[1+];row2571_M+H[1+]	CE6229	13E-tetranor-16-carboxy-LTE4	row2571	412.1424	228.07	0.49143841384812575	1.235762132531594	C20H21N5O3S
row2591	E376	row2342_M+Na[1+];row2591_M+H[1+]	C03451	(R)-S-Lactoylglutathione	row2591	380.1118	288.88	0.4999062771398982	1.207425166345549	C13H21N3O8S,C13H21N3O8S
row2592	E377	row2592_M+H[1+]	C03451	(R)-S-Lactoylglutathione	row2592	380.1118	311.1	0.33484238574535413	2.1784785069665107	C13H21N3O8S,C13H21N3O8S
row2593	E407	row2593_M+H[1+];row2614_M(C13)+H[1+]	C00401	Chondroitin; Chondroitin-D-glucuronate	row2593	380.1183	298.5	0.8876250278705711	-0.27030587748904084	C14H21NO11,C19H17N5O2S
row2594	E408	row2594_M+H[1+];row2615_M(C13)+H[1+]	C00401	Chondroitin; Chondroitin-D-glucuronate	row2594	380.1183	308.87	0.26584474813725495	-2.696543379976493	C14H21NO11,C19H17N5O2S
row2614	E407	row2593_M+H[1+];row2614_M(C13)+H[1+]	C00401	Chondroitin; Chondroitin-D-glucuronate	row2614	381.1218	298.37	0.4693429769431479	-1.3048126607480126	C14H21NO11,C19H17N5O2S
row2615	E408	row2594_M+H[1+];row2615_M(C13)+H[1+]	C00401	Chondroitin; Chondroitin-D-glucuronate	row2615	381.1218	309.27	0.34850028023795754	-1.8718211090341976	C14H21NO11,C19H17N5O2S
row2662	E412	row2662_M+H[1+];row2674_M(C13)+H[1+];row3122_M+Na[1+]	C00035	GDP	row2662	444.0312	378.26	0.3739976661165458	-1.7134556815589381	C10H15N5O11P2,C10H15N5O11P2
row2674	E412	row2662_M+H[1+];row2674_M(C13)+H[1+];row3122_M+Na[1+]	C00035	GDP	row2674	445.0346	378.26	0.3496324608261446	-1.8638382424240603	C10H15N5O11P2,C10H15N5O11P2
row2691	E390	row2429_M+Na[1+];row2691_M+H[1+]	mn;C00611	beta-1,4-mannose-N-acetylglucosamine$N-Acetyllactosamine; beta-D-Galactosyl-1,4-N-acetyl-D-glucosamine; beta-D-Galactosyl-1,4-N-acetyl-beta-D-glucosamine	row2691	384.1496	258.67	0.11178684617673572	-4.819051892117437	C14H25NO11,C15H29NO6S2
row2692	E391	row2692_M+H[1+]	mn;C00611	beta-1,4-mannose-N-acetylglucosamine$N-Acetyllactosamine; beta-D-Galactosyl-1,4-N-acetyl-D-glucosamine; beta-D-Galactosyl-1,4-N-acetyl-beta-D-glucosamine	row2692	384.1496	313.73	0.42778877714088315	-1.4674450927977076	C14H25NO11,C15H29NO6S2
row2716	E211	row2716_M+H[1+];row2760_M(C13)+H[1+]	C00021	S-Adenosyl-L-homocysteine	row2716	385.1284	277.67	0.1950865705039778	-3.4045673627814934	C17H19FN4O4
row2719	E414	row2719_M+Na[1+]	CE5525	12-oxo-20-carboxy-leukotriene B4	row2719	385.1632	275.27	0.3813191859718863	-1.6751931803526632	
row2722	E415	row2722_M+H[1+];row2743_M(C13)+H[1+];row3181_M+Na[1+]	C00570	CDPethanolamine	row2722	447.0672	365.92	0.2336080600970456	2.9680803410698924	C11H20N4O11P2
row2743	E415	row2722_M+H[1+];row2743_M(C13)+H[1+];row3181_M+Na[1+]	C00570	CDPethanolamine	row2743	448.0705	366.18	0.8648338623997425	0.31974224483313146	C11H20N4O11P2
row2760	E211	row2716_M+H[1+];row2760_M(C13)+H[1+]	C00021	S-Adenosyl-L-homocysteine	row2760	386.1318	277.54	0.12603815463081494	-4.507863838947699	C17H19FN4O4
row2775	E418	row2775_M+H[1+];row2796_M(C13)+H[1+];row3142_M+Na[1+]	C00307	CDPcholine	row2775	489.1141	391.0	0.2829873434599878	2.56648211188418	C14H26N4O11P2
row2796	E418	row2775_M+H[1+];row2796_M(C13)+H[1+];row3142_M+Na[1+]	C00307	CDPcholine	row2796	490.1175	391.0	0.24349614649397328	2.8846507811760325	C14H26N4O11P2
row2799	E419	row2799_M+Na[1+]	CE5995	20-COOH-leukotriene E4	row2799	490.1852	163.8	0.9715138116718024	0.06560726536096197	
row2801	E135	row2801_M+Na[1+];row516_M+2H[2+]	CE2054;CE5976	20-carboxy-leukotriene-B4$12-oxo-10,11-dihydro-20-COOH-LTB4	row2801	387.1798	26.23	0.19822433698788855	3.340907946973162	C19H26N2O5
row2809	E421	row2809_M+Na[1+]	C00224	Adenosine 5'-phosphosulfate	row2809	450.0085	289.67	0.25104303522291777	2.8147720355611483	
row2847	E193	row2847_M+H[1+]	C14792;C14793;C14791	(1S)-Hydroxy-(2S)-glutathionyl-1,2-dihydronaphthalene$(1R)-Glutathionyl-(2R)-hydroxy-1,2-dihydronaphthalene$(1R)-Hydroxy-(2R)-glutathionyl-1,2-dihydronaphthalene	row2847	452.1507	358.27	0.241798494986549	2.8989905770841085	
row2877	E425	row2877_M+Na[1+]	c226crn	cervonyl carnitine	row2877	494.3238	136.36	0.5228925407931784	-1.1392158673127875	C24H48NO7P,C24H48NO7P
row2913	E200	row2913_M+H[1+]	CE5853	alpha-CEHC-glucuronide	row2913	454.1814	298.24	0.9204769721346168	-0.18854905563469085	
row2917	E429	row2917_M+Na[1+]	dcsptn1crn;clpndcrn	docosa-4,7,10,13,16-pentaenoyl carnitine$clupanodonyl carnitine	row2917	496.3393	135.96	0.34229961437175643	-2.06370631289518	C24H50NO7P,C24H50NO7P
row2961	E385	row2392_M(C13)+H[1+];row2961_M+Na[1+];row2962_M+Na[1+]	C00112	CDP	row2961	426.007	393.76	0.34229961437175643	1.993273978896835	
row2962	E385	row2392_M(C13)+H[1+];row2961_M+Na[1+];row2962_M+Na[1+]	C00112	CDP	row2962	426.007	395.46	0.34229961437175643	1.9911374500939227	
row3015	E432	row3015_M[1+];row3037_M+H[1+];row3062_M(C13)+H[1+]	C00440	5-Methyltetrahydrofolate	row3015	459.1856	309.92	0.37149759052662473	-1.7330290476414536	
row3037	E432	row3015_M[1+];row3037_M+H[1+];row3062_M(C13)+H[1+]	C00440	5-Methyltetrahydrofolate	row3037	460.1933	309.79	0.43983781662435256	-1.414874406138678	C20H25N7O6
row3057	E369	row2233_M+H+Na[2+];row3057_M+H[1+]	C00721;C00492;strch2;C05404;C01835	Dextrin$Raffinose$starch, structure 2 (1,6-{2[1,4-Glc], [1,4-Glc]})$D-Gal alpha 1->6D-Gal alpha 1->6D-Glucose; D-Gal-alpha1->6D-Gal-alpha1->6D-Glucose; Manninotriose$Maltotriose; Amylotriose	row3057	505.1739	185.07	0.9161059579716624	-0.20029073450180138	C18H32O16
row3062	E432	row3015_M[1+];row3037_M+H[1+];row3062_M(C13)+H[1+]	C00440	5-Methyltetrahydrofolate	row3062	461.1964	310.45	0.3336879430429203	-2.1901404057987346	C20H25N7O6
row3096	E437	row3096_M+H[1+];row3117_M(C13)+H[1+]	C04230	Lysophosphatidylcholine	row3096	508.3756	136.36	0.16110887362488274	-3.889643484236142	C26H54NO6P
row3117	E437	row3096_M+H[1+];row3117_M(C13)+H[1+]	C04230	Lysophosphatidylcholine	row3117	509.3792	136.49	0.1626942097000557	-3.8664113447811492	C26H54NO6P
row3122	E412	row2662_M+H[1+];row2674_M(C13)+H[1+];row3122_M+Na[1+]	C00035	GDP	row3122	466.0131	378.0	0.3905659907064906	-1.6245260085159754	C10H15N5O11P2,C10H15N5O11P2
row3141	E441	row3141_M+H[1+]	C04317	1-Alkyl-2-lyso-sn-glycero-3-phosphocholine	row3141	510.3913	135.83	0.26430066411900166	-2.707536083618426	C26H56NO6P
row3142	E418	row2775_M+H[1+];row2796_M(C13)+H[1+];row3142_M+Na[1+]	C00307	CDPcholine	row3142	511.0962	391.0	0.10201575775401783	5.155044486413293	C14H26N4O11P2
row3172	E443	row3172_M+Na[1+]	tmndnccrn	Timnodonyl carnitine	row3172	468.308	138.46	0.4419828333649456	-1.3998222090565882	C22H46NO7P
row3181	E415	row2722_M+H[1+];row2743_M(C13)+H[1+];row3181_M+Na[1+]	C00570	CDPethanolamine	row3181	469.0491	365.92	0.31697137791015667	2.323415828839956	C11H20N4O11P2
row3186	E444	row3186_M+Na[1+]	estroneglc;C11133	estrone glucuronide$Estrone glucuronide; Estrone 3-glucuronide; Estrone beta-D-glucuronide	row3186	469.1854	380.36	0.9050289889136199	0.2254210805914134	
row3190	E445	row3190_M+Na[1+]	tetpent6crn;tetpent3crn	tetracosapentaenoyl carnitine$tetracosapentaenoyl carnitine	row3190	524.371	133.86	0.5088362497327468	-1.1806775754428918	C26H54NO7P
row3200	E446	row3200_M+H[1+]	C00700	XTP	row3200	524.9826	361.56	0.16110887362488274	3.9141839766132795	
row3261	E451	row3261_M+H[1+];row3275_M(C13)+H[1+]	C00167	UDP-D-glucuronate	row3261	581.041	420.58	0.8393161238664719	-0.3743813328358063	C15H22N2O18P2,C15H22N2O18P2
row3275	E451	row3261_M+H[1+];row3275_M(C13)+H[1+]	C00167	UDP-D-glucuronate	row3275	582.0443	420.84	0.6874140093542744	0.7168256040024699	C15H22N2O18P2,C15H22N2O18P2
row3371	E453	row3371_M+H[1+]	C06197	P1,P3-Bis(5'-adenosyl) triphosphate; ApppA	row3371	757.088	376.42	0.9170084029122532	-0.19778586236012963	
row3427	E454	row3427_M+H[1+]	C00857	Deamino-NAD+	row3427	666.1064	358.8	0.10805972026744949	4.920510028269307	
row3440	E455	row3440_M+H[1+]	C03428	Presqualene diphosphate	row3440	587.3263	35.42	0.2733815763268049	-2.6287567660930673	
row3469	E355	row3469_M+H[1+];row3470_M+H[1+];row3471_M+H[1+];row3472_M+H[1+];row3473_M+H[1+];row3474_M+H[1+];row3475_M+H[1+];row3476_M+H[1+];row3477_M+H[1+];row3478_M+H[1+]	CE2888	3',5'-diiodothyroacetate-beta-D-glucuronoside	row3469	670.8939	102.58	0.7920612058641809	0.47275791869819334	
row3470	E355	row3469_M+H[1+];row3470_M+H[1+];row3471_M+H[1+];row3472_M+H[1+];row3473_M+H[1+];row3474_M+H[1+];row3475_M+H[1+];row3476_M+H[1+];row3477_M+H[1+];row3478_M+H[1+]	CE2888	3',5'-diiodothyroacetate-beta-D-glucuronoside	row3470	670.8939	110.09	0.9724224019208023	0.06353558591074353	
row3471	E355	row3469_M+H[1+];row3470_M+H[1+];row3471_M+H[1+];row3472_M+H[1+];row3473_M+H[1+];row3474_M+H[1+];row3475_M+H[1+];row3476_M+H[1+];row3477_M+H[1+];row3478_M+H[1+]	CE2888	3',5'-diiodothyroacetate-beta-D-glucuronoside	row3471	670.8939	111.28	0.9588309368488895	-0.10345804410144765	
row3472	E355	row3469_M+H[1+];row3470_M+H[1+];row3471_M+H[1+];row3472_M+H[1+];row3473_M+H[1+];row3474_M+H[1+];row3475_M+H[1+];row3476_M+H[1+];row3477_M+H[1+];row3478_M+H[1+]	CE2888	3',5'-diiodothyroacetate-beta-D-glucuronoside	row3472	670.8939	112.33	0.5112899749313521	1.1734779247251355	
row3473	E355	row3469_M+H[1+];row3470_M+H[1+];row3471_M+H[1+];row3472_M+H[1+];row3473_M+H[1+];row3474_M+H[1+];row3475_M+H[1+];row3476_M+H[1+];row3477_M+H[1+];row3478_M+H[1+]	CE2888	3',5'-diiodothyroacetate-beta-D-glucuronoside	row3473	670.8939	115.74	0.45817636217312585	1.345705434988896	
row3474	E355	row3469_M+H[1+];row3470_M+H[1+];row3471_M+H[1+];row3472_M+H[1+];row3473_M+H[1+];row3474_M+H[1+];row3475_M+H[1+];row3476_M+H[1+];row3477_M+H[1+];row3478_M+H[1+]	CE2888	3',5'-diiodothyroacetate-beta-D-glucuronoside	row3474	670.8939	117.58	0.5228925407931784	1.1346860841083977	
row3475	E355	row3469_M+H[1+];row3470_M+H[1+];row3471_M+H[1+];row3472_M+H[1+];row3473_M+H[1+];row3474_M+H[1+];row3475_M+H[1+];row3476_M+H[1+];row3477_M+H[1+];row3478_M+H[1+]	CE2888	3',5'-diiodothyroacetate-beta-D-glucuronoside	row3475	670.8939	120.6	0.7431305263285439	0.5834127982425542	
row3476	E355	row3469_M+H[1+];row3470_M+H[1+];row3471_M+H[1+];row3472_M+H[1+];row3473_M+H[1+];row3474_M+H[1+];row3475_M+H[1+];row3476_M+H[1+];row3477_M+H[1+];row3478_M+H[1+]	CE2888	3',5'-diiodothyroacetate-beta-D-glucuronoside	row3476	670.8939	124.67	0.37473866627232816	1.7023079830700882	
row3477	E355	row3469_M+H[1+];row3470_M+H[1+];row3471_M+H[1+];row3472_M+H[1+];row3473_M+H[1+];row3474_M+H[1+];row3475_M+H[1+];row3476_M+H[1+];row3477_M+H[1+];row3478_M+H[1+]	CE2888	3',5'-diiodothyroacetate-beta-D-glucuronoside	row3477	670.8939	128.08	0.5000389806461492	1.2058022471228065	
row3478	E355	row3469_M+H[1+];row3470_M+H[1+];row3471_M+H[1+];row3472_M+H[1+];row3473_M+H[1+];row3474_M+H[1+];row3475_M+H[1+];row3476_M+H[1+];row3477_M+H[1+];row3478_M+H[1+]	CE2888	3',5'-diiodothyroacetate-beta-D-glucuronoside	row3478	670.8939	130.05	0.6302254968458779	0.8512337291607253	
row3492	E456	row3492_M+H[1+];row3528_M(C13)+H[1+];row4072_M+Na[1+]	C00760	Cellulose; (1,4-beta-D-Glucosyl)n; (1,4-beta-D-Glucosyl)n+1; (1,4-beta-D-Glucosyl)n-1; 1,4-beta-D-Glucan; Microcrystalline cellulose	row3492	537.1681	142.66	0.41712303031544057	-1.5181388291449247	
row3506	E457	row3506_M+Na[1+];row4284_M+H[1+]	C00029;C00052	UDPglucose$UDPgalactose	row3506	589.0436	370.51	0.6443579560341702	0.8146638272796128	C15H24N2O17P2
row3528	E456	row3492_M+H[1+];row3528_M(C13)+H[1+];row4072_M+Na[1+]	C00760	Cellulose; (1,4-beta-D-Glucosyl)n; (1,4-beta-D-Glucosyl)n+1; (1,4-beta-D-Glucosyl)n-1; 1,4-beta-D-Glucan; Microcrystalline cellulose	row3528	538.1714	142.66	0.4387420361698524	-1.4207451187459286	
row3566	E459	row3566_M+H[1+];row3579_M(C13)+H[1+];row4029_M+Na[1+]	C00325	GDP-L-fucose	row3566	590.089	378.26	0.38826725688507674	-1.6438988205243588	C16H25N5O15P2
row3579	E459	row3566_M+H[1+];row3579_M(C13)+H[1+];row4029_M+Na[1+]	C00325	GDP-L-fucose	row3579	591.092	378.0	0.42869654018765463	-1.4622020374649365	C16H25N5O15P2
row3634	E461	row3634_M+H[1+];row3643_M(C13)+H[1+];row3906_M+Na[1+]	C00882	Dephospho-CoA	row3634	688.1553	263.03	0.5506262067193889	-1.0553990387500234	C21H35N7O13P2S
row3643	E461	row3634_M+H[1+];row3643_M(C13)+H[1+];row3906_M+Na[1+]	C00882	Dephospho-CoA	row3643	689.1582	263.16	0.566910908957484	-1.0163340295540484	C21H35N7O13P2S
row3644	E433	row3644_M+H[1+];row3651_M(C13)+H[1+];row3771_M+Na[1+]	C00016	Flavin adenine dinucleotide oxidized	row3644	786.1636	312.94	0.985631355096552	-0.03285180271370693	C27H33N9O15P2,C27H33N9O15P2
row3651	E433	row3644_M+H[1+];row3651_M(C13)+H[1+];row3771_M+Na[1+]	C00016	Flavin adenine dinucleotide oxidized	row3651	787.1663	313.07	0.8768381298881059	0.2928397183523782	C27H33N9O15P2,C27H33N9O15P2
row3675	E462	row3675_M+Na[1+]	C00044	GTP	row3675	545.9805	221.24	0.34229961437175643	1.9994381927413218	
row3771	E433	row3644_M+H[1+];row3651_M(C13)+H[1+];row3771_M+Na[1+]	C00016	Flavin adenine dinucleotide oxidized	row3771	808.1454	313.34	0.8614224727840115	0.32707762470309404	C27H33N9O15P2,C27H33N9O15P2
row3803	E464	row3803_M+H[1+]	C04598	Platelet-activating factor	row3803	550.3859	132.81	0.45160594359363615	-1.3713377247978868	
row3839	E465	row3839_M+H[1+];row3840_M+H[1+];row3878_M(C13)+H[1+];row3879_M(C13)+H[1+];row3880_M(C13)+H[1+];row4150_M+Na[1+];row4151_M+Na[1+];row4152_M+Na[1+]	m2mn	(alpha-D-mannosyl)2-beta-D-mannosyl-N-acetylglucosamine	row3839	708.2548	364.97	0.06153800936054385	-7.06045176218852	C26H45NO21,C26H45NO21,C32H42N3O13P
row3840	E465	row3839_M+H[1+];row3840_M+H[1+];row3878_M(C13)+H[1+];row3879_M(C13)+H[1+];row3880_M(C13)+H[1+];row4150_M+Na[1+];row4151_M+Na[1+];row4152_M+Na[1+]	m2mn	(alpha-D-mannosyl)2-beta-D-mannosyl-N-acetylglucosamine	row3840	708.2548	371.7	0.06108884804756913	-7.120099275518423	C26H45NO21,C26H45NO21,C32H42N3O13P
row3878	E465	row3839_M+H[1+];row3840_M+H[1+];row3878_M(C13)+H[1+];row3879_M(C13)+H[1+];row3880_M(C13)+H[1+];row4150_M+Na[1+];row4151_M+Na[1+];row4152_M+Na[1+]	m2mn	(alpha-D-mannosyl)2-beta-D-mannosyl-N-acetylglucosamine	row3878	709.2578	359.98	0.09742256608546589	-5.354738512187132	C26H45NO21,C26H45NO21,C32H42N3O13P
row3879	E465	row3839_M+H[1+];row3840_M+H[1+];row3878_M(C13)+H[1+];row3879_M(C13)+H[1+];row3880_M(C13)+H[1+];row4150_M+Na[1+];row4151_M+Na[1+];row4152_M+Na[1+]	m2mn	(alpha-D-mannosyl)2-beta-D-mannosyl-N-acetylglucosamine	row3879	709.2578	364.97	0.10457578023747176	-5.060525977881001	C26H45NO21,C26H45NO21,C32H42N3O13P
row3880	E465	row3839_M+H[1+];row3840_M+H[1+];row3878_M(C13)+H[1+];row3879_M(C13)+H[1+];row3880_M(C13)+H[1+];row4150_M+Na[1+];row4151_M+Na[1+];row4152_M+Na[1+]	m2mn	(alpha-D-mannosyl)2-beta-D-mannosyl-N-acetylglucosamine	row3880	709.2578	371.7	0.03675181039614563	-10.979032874054402	C26H45NO21,C26H45NO21,C32H42N3O13P
row3889	E468	row3889_M+H[1+];row3909_M(C13)+H[1+]	C00096	GDP-D-mannose	row3889	606.0838	399.53	0.730001253353809	-0.6141121721567826	C16H25N5O16P2
row3906	E461	row3634_M+H[1+];row3643_M(C13)+H[1+];row3906_M+Na[1+]	C00882	Dephospho-CoA	row3906	710.1372	263.16	0.5228925407931784	-1.136421457844563	
row3909	E468	row3889_M+H[1+];row3909_M(C13)+H[1+]	C00096	GDP-D-mannose	row3909	607.0885	400.06	0.50964210004718	-1.1788244774397263	C16H25N5O16P2
row3919	E469	row3919_M+H[1+];row3951_M(C13)+H[1+];row4303_M+Na[1+]	C00203;C00043;C01170	UDP-N-acetyl-D-galactosamine$UDP-N-acetyl-D-glucosamine$UDP-N-acetyl-D-mannosamine	row3919	608.0883	356.04	0.26083212897958	2.733199230184245	C17H27N3O17P2
row3951	E469	row3919_M+H[1+];row3951_M(C13)+H[1+];row4303_M+Na[1+]	C00203;C00043;C01170	UDP-N-acetyl-D-galactosamine$UDP-N-acetyl-D-glucosamine$UDP-N-acetyl-D-mannosamine	row3951	609.0915	356.04	0.19772204846500574	3.3550709102833274	C17H27N3O17P2
row4020	E395	row4020_M+H[1+]	C02739	1-(5-Phospho-D-ribosyl)-ATP; Phosphoribosyl-ATP; N1-(5-Phospho-D-ribosyl)-ATP; 1-(5-Phosphoribosyl)-ATP	row4020	720.0145	224.66	0.8488021554761773	0.3523507456316544	
row4029	E459	row3566_M+H[1+];row3579_M(C13)+H[1+];row4029_M+Na[1+]	C00325	GDP-L-fucose	row4029	612.0706	377.87	0.44783506947626306	-1.3832892975951432	C16H25N5O15P2
row4053	E279	row4053_M+H[1+];row4060_M(C13)+H[1+]	C00127	Oxidized glutathione	row4053	613.1586	446.85	0.44096702463097254	-1.4101097126227564	C20H32N6O12S2
row4060	E279	row4053_M+H[1+];row4060_M(C13)+H[1+]	C00127	Oxidized glutathione	row4060	614.1615	446.85	0.4390845956737474	-1.4181337673640375	C20H32N6O12S2
row4072	E456	row3492_M+H[1+];row3528_M(C13)+H[1+];row4072_M+Na[1+]	C00760	Cellulose; (1,4-beta-D-Glucosyl)n; (1,4-beta-D-Glucosyl)n+1; (1,4-beta-D-Glucosyl)n-1; 1,4-beta-D-Glucan; Microcrystalline cellulose	row4072	559.1502	142.66	0.418319751392741	-1.5084364661831478	
row4078	E470	row4078_M+H[1+];row4093_M(C13)+H[1+]	C00128	CMP-N-acetylneuraminate	row4078	615.1545	366.18	0.3500827985108045	1.8586209405256284	C20H31N4O16P,C20H31N4O16P
row4079	E471	row4079_M+H[1+];row4094_M(C13)+H[1+]	C00128	CMP-N-acetylneuraminate	row4079	615.1545	446.85	0.4544494054837999	-1.3573772732528306	C20H31N4O16P,C20H31N4O16P
row4093	E470	row4078_M+H[1+];row4093_M(C13)+H[1+]	C00128	CMP-N-acetylneuraminate	row4093	616.1573	366.18	0.41982854863980557	1.4985934053018042	C20H31N4O16P,C20H31N4O16P
row4094	E471	row4079_M+H[1+];row4094_M(C13)+H[1+]	C00128	CMP-N-acetylneuraminate	row4094	616.1573	446.85	0.43702617746753064	-1.4297891082225032	C20H31N4O16P,C20H31N4O16P
row4099	E473	row4099_M+H[1+]	C00301	ADPribose	row4099	560.0787	345.6	0.34229961437175643	1.9958599471130332	
row4150	E465	row3839_M+H[1+];row3840_M+H[1+];row3878_M(C13)+H[1+];row3879_M(C13)+H[1+];row3880_M(C13)+H[1+];row4150_M+Na[1+];row4151_M+Na[1+];row4152_M+Na[1+]	m2mn	(alpha-D-mannosyl)2-beta-D-mannosyl-N-acetylglucosamine	row4150	730.2364	360.37	0.5962792902126508	-0.9400876091840564	C26H45NO21,C26H45NO21,C32H42N3O13P
row4151	E465	row3839_M+H[1+];row3840_M+H[1+];row3878_M(C13)+H[1+];row3879_M(C13)+H[1+];row3880_M(C13)+H[1+];row4150_M+Na[1+];row4151_M+Na[1+];row4152_M+Na[1+]	m2mn	(alpha-D-mannosyl)2-beta-D-mannosyl-N-acetylglucosamine	row4151	730.2364	364.97	0.14966600952839357	-4.120705349835588	C26H45NO21,C26H45NO21,C32H42N3O13P
row4152	E465	row3839_M+H[1+];row3840_M+H[1+];row3878_M(C13)+H[1+];row3879_M(C13)+H[1+];row3880_M(C13)+H[1+];row4150_M+Na[1+];row4151_M+Na[1+];row4152_M+Na[1+]	m2mn	(alpha-D-mannosyl)2-beta-D-mannosyl-N-acetylglucosamine	row4152	730.2364	372.22	0.357493317744611	-1.8118794061701018	C26H45NO21,C26H45NO21,C32H42N3O13P
row4284	E457	row3506_M+Na[1+];row4284_M+H[1+]	C00029;C00052	UDPglucose$UDPgalactose	row4284	567.0618	370.51	0.5918191562397909	-0.9512144882454074	C15H24N2O17P2
row4303	E469	row3919_M+H[1+];row3951_M(C13)+H[1+];row4303_M+Na[1+]	C00203;C00043;C01170	UDP-N-acetyl-D-galactosamine$UDP-N-acetyl-D-glucosamine$UDP-N-acetyl-D-mannosamine	row4303	630.07	355.78	0.33204966768233324	2.2017098368290045	C17H27N3O17P2
