m/z	rtime	p-value	t-score	custom_id	log2fc	name	emp_ID
113.0455	194.6	0.01290962735942481	9.191557082135779		1.5286706723946182	113.0455	
171.0479	32.33	0.018589434510917276	7.6458094897883475	C8H14O3S,C6H9N3OS	0.936167276252803	Ethyl 4-(acetylthio)butyrate,Methioprim	4819
171.0657	191.97	0.014757068826951119	-8.480738849821082	C8H14O5,C8H12O4,C6H9N3O3	-0.4654015108645382	Diethyl L-malate,6-(2-Hydroxyethoxy)-6-oxohexanoic acid,3-Hydroxysuberic acid,2-Octenedioic acid,cis-4-Octenedioic acid,trans-3-Octenedioic acid,Ethyl 2,4-dioxohexanoate,1,2-Cyclohexanedicarboxylic acid,2,3-Diethylbut-2-enedioic acid,2-Butenedioic acid (2E)-, 1,4-diethyl ester,3-Isopropenylpentanedioic acid,Diethyl fumarate,6-Diazo-5-oxo-L-norleucine,Metronidazole	4850
171.0769	292.24	0.02964179611671655	-6.29962019569653	C7H12N2O3,C7H14N2O4	-3.31955779023464	Prolylglycine,Glycylproline,Glycyl-D-proline,2-Amino-4-[(2-hydroxy-1-oxopropyl)amino]butanoic acid,N-(gamma-Glutamyl)ethanolamine,Diaminopimelic acid,Threonylalanine,Alanylthreonine,(2R,6S)-2,6-Diaminoheptanedioic acid	4920
115.0027	297.76	0.0012527407308866843	-23.840205394921668		-3.1431197464232916	115.0027_M-H-	
172.0398	28.62	0.003169837199129615	15.608211046326732	C5H8ClN5,C5H7N5,C7H9N2O,C10H9NO3,C10H7NO2	5.208265314425187	Deisopropylatrazine,Deoxyguanine,Pralidoxime,1-Methylnicotinamide,Noroxyhydrastinine,5-Hydroxyindoleacetic acid,1H-Indol-3-yl 2-hydroxyacetate,2-(3-Hydroxy-1H-indol-2-yl)acetic acid,5-Phenyl-1,3-oxazinane-2,4-dione,5-Methoxyindole-2-carboxylic acid,xi-2,3-Dihydro-2-oxo-1H-indole-3-acetic acid,2-(5-Hydroxy-1H-indol-2-yl)acetic acid,Quinaldic acid,Quinoline-4-carboxylic acid,N-Phenylmaleimide,1-nitronaphthalene,Quinoline-3-carboxylic acid,1-Nitroso-2-naphthol	5386
172.8276	1.56	0.016924678651793222	-8.010792800643468		-0.2679592704139999	172.8276_M-H-	
146.0272	132.43	0.03540216752436576	-5.857889155210561		-3.198295571774583	146.0272	
116.0061	297.63	0.0008844783076667826	-28.095275599935096		-3.284162368856858	116.0061_M-H-	
172.985	201.48	0.009471923865047235	-10.407007197921686		-0.7614435145471603	172.985	
172.9907	25.73	0.005123292696363543	-13.26460983531816	C6H6O4S,C6H6O4S	-0.7610108377864897	Phenol sulphate,O-Phenolsulfonic acid,Phenol sulphate,O-Phenolsulfonic acid	5819
173.0083	254.89	0.03540216752436576	-5.859812101220353	C6H6O6,C6H8O7,C7H7FO2S	-2.212366751075649	Dehydroascorbic acid,Aconitic acid,Dehydroascorbide(1-),trans-Aconitic acid,cis-Aconitic acid,dehydroascorbate (bicyclic form),Citric acid,Diketogulonic acid,Isocitric acid,(1R,2R)-Isocitric acid,D-threo-Isocitric acid,D-Glucaro-1,4-lactone,2,3-Diketo-L-gulonate,2,3-diketogulonate,Phenylmethylsulfonyl fluoride,p-TOLUENESULFONYL FLUORIDE	5995
173.0083	259.39	0.013421537044940332	-9.064138137715558	C6H6O6,C6H8O7,C7H7FO2S	-1.8797962142541351	Dehydroascorbic acid,Aconitic acid,Dehydroascorbide(1-),trans-Aconitic acid,cis-Aconitic acid,dehydroascorbate (bicyclic form),Citric acid,Diketogulonic acid,Isocitric acid,(1R,2R)-Isocitric acid,D-threo-Isocitric acid,D-Glucaro-1,4-lactone,2,3-Diketo-L-gulonate,2,3-diketogulonate,Phenylmethylsulfonyl fluoride,p-TOLUENESULFONYL FLUORIDE	5996
173.0812	192.1	0.042482639479667954	-5.3892452203316905	C8H14O4,C6H11N3O3,C8H16O5	-0.7653534711180185	Glyceryl methylmethacrylate,Dimethyl (S)-(+)-2-Methylglutarate,Ethyladipic acid,Suberic acid,2-Propylglutaric acid,Dimethyl adipate,Ethylene glycol diglycidyl ether,Diethyl succinate,3-Methylpimelic acid,2,4-Dimethyladipic acid,2-Oxoarginine,(5S,6R)-Methyl 5,6,7-trihydroxyheptanoate	6256
173.8419	150.19	0.04956050713666293	-5.001050773269982		-0.6224947980623803	173.8419_M-H-	
174.0114	254.89	0.04874412719602912	-5.036162164910112	C7H7FO2S	-2.9188579464962707	Phenylmethylsulfonyl fluoride,p-TOLUENESULFONYL FLUORIDE	kp77_174.0155
174.0114	259.25	0.006198079017977314	-12.164583251593166	C7H7FO2S	-3.0036073683057296	Phenylmethylsulfonyl fluoride,p-TOLUENESULFONYL FLUORIDE	kp78_174.0154
149.0425	189.45	0.02964179611671655	6.301414069449199		0.5143342158058637	149.0425	
149.0462	191.05	0.005995167285008054	-12.405550508762317	C5H10O5,C6H6N4O,C6H14S2	-0.8697474535757799	alpha-D-Arabinofuranose,2-Deoxypentonic acid,D-Threo-3-Pentulose,(2R,3R,4R)-2,3,4,5-Tetrahydroxypentanal,D-Xylulose,L-Arabinose,L-Xylulose,D-Ribulose,L-Ribulose,D-Apiose,alpha-L-arabinofuranose,D-Ribose,D-Xylose,D-Arabinopyranose,2-Deoxyribonic acid,Arabinofuranose,D-Arabinose,9-Deazaguanine,1-Methylhypoxanthine,7-Methylhypoxanthine,Methyl pentyl disulfide,xi-1-(Propylthio)-1-propanethiol,Isopropyl propyl disulfide,Methyl isopentyl disulfide,Butyl ethyl disulfide,Dipropyl disulfide,1,6-Hexanedithiol,Diisopropyl disulfide	6764
174.8865	134.14	0.001366271264711358	22.15154725059721		1.8502936496603084	174.8865_Na/H, 2x charged	
174.8865	151.01	0.0014780947358932648	21.202183877267103		4.00521156815919	174.8865_M-H-, 2x charged	
175.0353	318.24	0.025117563440840637	-6.784139270695709	C5H8N2O5,C8H12S	-1.0588702066823608	Ureidosuccinic acid,L-3-Amino-2-(oxalylamino)propanoic acid,L-2-Amino-3-(oxalylamino)propanoic acid,3,4-Diethylthiophene	7200
150.0413	135.98	0.001312319774341846	-22.8206251091917	C5H13NS2	-1.5568773155310573	(S)-2-Amino-4-methylsulfanyl-butane-1-thiol	7226
175.8391	135.85	0.028320554160526933	-6.460769612646672		-0.263255805571152	175.8391_M-H-	
175.8391	150.06	0.028787005583652936	-6.411558417669055		-0.6277970901720309	175.8391_M-H-	
152.995	191.97	0.008346651969255393	-10.903252393699049	C4H6O4	-3.510742413109895	Succinic acid,4-Hydroxy-2-oxobutanoic acid,xi-3-Hydroxy-2-oxobutanoic acid,Threonolactone,Methylmalonic acid,Erythrono-1,4-lactone	8010
124.9904	34.3	0.027354643620742695	-6.567655117838598		-0.20156197635534667	124.9904_M-H-	
125.0347	34.95	0.0034197363122421436	-15.093606298058761		-0.776850736233655	125.0347_M-H-	
126.9862	34.3	0.006516276882473981	-11.813608027694965	C5H4O2S	-0.21943539138374746	THIOPHENE-2-CARBOXYLIC ACID	9424
127.0028	152.84	0.046147480319435975	-5.160335001846949		-3.078364808556824	127.0028_M-H-	
127.0754	191.71	0.006871737983831603	-11.60257212811479		-0.5787139842055637	127.0754	
127.998	33.9	6.959104867626914e-05	89.38475326457667		5.692981875486144	127.998_M-H-	
100.9451	1.04	0.0006910748220362745	31.28931249411079		4.918430957274394	100.9451	
180.087	221.47	0.022395019085227348	7.149584432112068	C6H15NO5	0.27803789960027814	D-Glucamine	10099
181.0711	192.1	0.002066758575051239	-18.68041276140784	C6H14O6	-3.0208638510439982	3-Hydroxymethyl xylitol,L-Iditol,D-Iditol,Sorbitol,Galactitol,Mannitol	10449
181.0711	211.62	0.018142147041920752	-7.798068001102563	C6H14O6	-7.821902579311001	3-Hydroxymethyl xylitol,L-Iditol,D-Iditol,Sorbitol,Galactitol,Mannitol	10451
130.05	182.35	0.001652060538547703	-20.06447143717199		-1.7451105011079626	130.05	
131.0589	36.13	0.03443518344657636	-5.9368025381760985	C5H9NO3	-0.4099489121005533	N-Acetyl-L-alanine,cis-4-Hydroxy-D-proline,1-Hydroxypyrrolidine-3-carboxylic acid,5-Aminolevulinic acid,4-Amino-5-oxo-pentanoic acid,3-Hydroxyproline,N-Hydroxy-L-proline,3-Hydroxy-L-proline,Glutaramic acid,Propionylglycine,cis-4-Hydroxyproline,N-Acetyl-DL-alanine,4-Hydroxyproline,Trans-3-hydroxy-L-proline,L-Glutamic gamma-semialdehyde,5-Amino-2-oxopentanoic acid,2-Amino-4-oxopentanoic acid,N-Acetyl-beta-alanine,5-Hydroxyproline	10934
132.0115	165.25	0.014269184913873138	-8.695859147307516		-1.2997667126025725	132.0115	
132.0115	169.87	0.04982602645824801	-4.983985683622725		-2.2539611844286327	132.0115	
106.0482	226.62	0.018147913064030123	7.7552512782228895		1.0739966042906453	106.0482	
183.0405	293.69	0.0318951525359843	-6.130808094884522	C7H10N2O5,C7H8N2O4	-2.3182943875999804	Penmacric acid,Trimidox	11556
159.0556	28.09	0.03443518344657636	5.934009344571298	C9H10N2O2,C7H5N5,C9H8N2O	2.0346110627380014	4-Oxo-4-(3-pyridyl)-butanamide,Endostatin,BOX A,6-Amino-2-methyl-2H-1,3-benzoxazin-4(3H)-one,Phenacemide,BOX B,1,N6-Ethenoadenine,5-Aminoisoquinolin-1(2H)-one,2-Methyl-4(3H)-quinazolinone,4-Quinolinamine, N-hydroxy-,3-Hydroxy-1,4-benzodiazepine,1H-Indole-5-carboxamide,1H-Indole-2-carboxamide	11823
184.0585	221.87	0.029539515216936263	6.333067219434632		4.9790326385048225	184.0585	
195.0605	269.53	0.01458445296189145	8.572669876229739	C9H14N2O2S,C8H16OS	0.6881165488728769	Methyl bisnorbiotinyl ketone,2-Methyl-4-propyl-1,3-oxathiane,(+/-)-3-(Methylthio)heptanal	12057
159.8444	135.06	0.013945270744344082	-8.794314562027981	Cl2Mn	-0.46920539337627787	Manganese(II) chloride (MnCl2)	12067
159.8444	149.8	0.02900331023707185	-6.382504814017284	Cl2Mn	-0.39195384373304165	Manganese(II) chloride (MnCl2)	12068
195.1386	26.52	0.026375473537153006	6.656206037614399	C12H22O3,C12H20O2,C7H20N4	1.087685357125121	4-Acetoxy-2-hexyltetrahydrofuran,3-Oxododecanoic acid,cis-3-Hexenyl trans-2-hexenoate,cis-3-Hexenyl trans-4-hexenoate,Linalyl acetate,alpha-Terpineol acetate,Bornyl acetate,(S)-Santolina acetate,(Z)-4-Hydroxy-6-dodecenoic acid lactone,alpha-Fenchyl acetate,(-)-Bornyl acetate,Allyl 3-cyclohexylpropionate,(¬±)-Isobornyl acetate,Dodecadienoic acid,alpha-Campholene acetate,(3R,3aR,7aS)-3-Butylhexahydro-1(3H)-isobenzofuranone,Geranyl acetate,Dihydrocarveol acetate,Yuzu lactone,cis-3-Hexenyl cis-3-hexenoate,Dihydro-5-(2-octenyl)-2(3H)-furanone,Fenchyl acetate,Isopulegol acetate,(+)-beta-Fenchyl acetate,7-Acetoxy-7-methyl-3-methylene-1-octene,6-Heptyl-5,6-dihydro-2H-pyran-2-one,Artemisia alcohol acetate,3,7-Dimethyl-2,6-octadien-1-ylacetate,Methyl 2-undecynoate,p-Menth-1-en-9-ol acetate,Ethyl 2Z,4E-decadienoic acid,cis-Sabinene hydrate acetate,(-)-Linalyl acetate,N,N'-Bis(2-aminoethyl)-1,3-propanediamine,(3-Aminopropyl)bis(2-aminoethyl)amine	12151
196.0103	212.67	0.013555651161306637	-8.981773662465068		-4.269189513451963	196.0103	
160.0608	191.71	0.014757068826951119	-8.448218621011213	C6H11NO4,C6H13NO5	-0.5487088571871865	Aminoadipic acid,N-methyl-L-glutamic Acid,2-Aminoadipic acid,3-Aminoadipic acid,(±)-2,2'-Iminobispropanoic acid,hydroxybutyrylglycine,Acetylhomoserine,Carboxybetaine,N-Acetylthreonine,Glutamic acid gamma-methyl ester,Fructosylamine,Glucosamine,1-Aminoglucose,Fructosamine,beta-D-Glucosamine,Tricine,(2R,3R,4S,5R)-2-Amino-3,4,5,6-tetrahydroxyhexanal,beta-D-Galactosamine	12549
185.0926	285.41	0.034539467177810215	-5.922910601170339	C8H14N2O3,C8H16N2O4	-2.9467869909655064	Prolyl-Alanine,Alanylproline,n-carboxymethyllysine,N-(3-Amino-2-hydroxy-3-oxopropyl)-L-valine,Carboxy methyl lysine,N6-Acetyl-5S-hydroxy-L-lysine,2-[(2S)-2,6-Diaminohexanoyl]oxyacetic acid,[(2S)-6-Amino-1-methoxy-1-oxohexan-2-yl]carbamic acid,Valylserine,Serylvaline,3,4-Dihydroxy-2-hydroxymethyl-1-pyrrolidinepropanamide,N6-Carboxymethyllysine,epsilon-(Carboxymethyl)lysine	12624
186.0182	135.85	0.0012527407308866843	-23.585272064964634	C5H5N5O,C5H13NS2	-1.5700635623449521	8-Hydroxyadenine,2-Hydroxyadenine,Guanine,8-Oxo-7,8-dihydrodeoxyguanine,(S)-2-Amino-4-methylsulfanyl-butane-1-thiol	12812
161.8415	149.4	0.03847150325476565	-5.668633927511283		-0.3071224976512674	161.8415	
187.0009	201.48	0.0013868349540503996	-21.670267094693425	C8H5F3O3,C6H10N2O2S2	-1.1847534586658277	2-Hydroxy-4-trifluoromethyl benzoic acid,[(5-methyl-1,3-dithiolan-4-ylidene)amino] N-methylcarbamate	13522
138.9521	273.99	0.018774898921798632	-7.604489937586144		-4.327509814080834	138.9521	
198.0015	29.01	0.00946535913498157	10.432731516095753		1.2430775686142468	198.0015_M-H-	
187.097	192.23	0.02964179611671655	-6.289988657818027	C9H16O4,C7H13N3O3	-0.429548905771572	Butyl ethyl malonate,(+/-)-Methyl 5-acetoxyhexanoate,3-Methylsuberic acid,(+/-)-Ethyl 3-acetoxy-2-methylbutyrate,cis- and trans-Ethyl 2,4-dimethyl-1,3-dioxolane-2-acetate,Diethyl glutarate,Diethyl methylsuccinate,2,4-Dimethylpimelic acid,Azelaic acid,Nonate,6-Guanidino-2-oxocaproic acid	13780
163.0393	34.95	0.010778272463653525	-9.827199582435895	C7H5N3O2,C9H10O4,C9H8O3,C9H7O3	-3.0204082844748186	7-Nitroindazole,2',6'-Dihydroxy-4'-methoxyacetophenone,3,4-Dimethoxybenzoic acid,3,4-Dihydroxyhydrocinnamic acid,2,6-Dimethoxybenzoic acid,3-(2,4-Dihydroxyphenyl)propanoic acid,Hydroxyphenyllactic acid,Isohomovanillic acid,3-Hydroxyphenyllactate,3-(3-Hydroxyphenyl)-3-hydroxypropanoic acid,Syringaldehyde,Homovanillic acid,3,5-Dihydroxyphenylpropionic acid,Methyl vanillate,Ethyl 3,4-dihydroxybenzoate,Meta-hydroxyphenylhydracrylic Acid,(±)-2-Hydroxy-3-(2-hydroxyphenyl)propanoic acid,3-Methoxy-4-hydroxyphenylglycolaldehyde,2,2-Dihydroxy-3-phenylpropanoic acid,2',4'-Dihydroxy-6'-methoxyacetophenone,Maltol propionate,METHYL 4-FORMYLBENZOATE,Enol-phenylpyruvate,Coumarinic acid,m-Coumaric acid,4-Hydroxycinnamic acid,cis-p-Coumaric acid,2-Hydroxycinnamic acid,Phenylpyruvic acid,Methyl Phenylglyoxalate,coumarinate,2-oxo-3-phenylpropanoate	13795
188.0097	25.32	0.04026572905764789	-5.521724597382815		-0.33628988135177806	188.0097	
188.0158	135.85	0.008887959693945038	-10.698171574085864	C7H8O4S,C7H8O4S,C10H6FNO3	-1.7817065318075294	o-Cresol sulfate,p-Cresol sulfate,Benzyl sulfate,o-Cresol sulfate,p-Cresol sulfate,Benzyl sulfate,Fluoroquinolone carboxylic	14093
188.0559	297.76	0.008887959693945038	-10.677537138620528	C7H11NO5,C7H10NO5	-1.0676941166711593	N-Acetyl-L-glutamic acid,Glutarylglycine,2-amino-3,7-dideoxy-D-threo-hept-6-ulosonate	14258
188.9981	201.61	0.011929277664944124	-9.474936212434944	C5H6N2O4S,C7H7ClN2,C4H10O4S	-1.3765612127522466	3-Hydroxy-4-aminopyridine sulfate,(2-Chlorophenyl)methyldiazene,Diethyl sulfate	14585
189.0022	25.45	0.039396623094930305	-5.572011763605121	C10H8O3S	-0.38417782335389106	1-Naphthalenesulfonic acid,2-Naphthalenesulfonic acid	14590
189.0511	374.18	0.026525054891851817	-6.638117050924474	C6H10N2O5,C9H14S	-2.3674189768880467	N-carbamoylglutamic Acid,Glycyl-Aspartate,L-beta-aspartyl-L-glycine,Aspartyl-Glycine,Carglumic acid,2-Pentylthiophene	14708
166.0503	47.88	0.010837271175279167	-9.792972255695442	C6H6N4O2,C8H9NO3,C8H8NO3,C8H11NO4	-0.6743604111793715	7-Methylxanthine,3-Methylxanthine,1-Methylxanthine,9-Methylxanthine,2-Hydroxy-N-(2-hydroxyphenyl)acetamide,Pyridoxal,4-Hydroxyphenylglycine,Isopyridoxal,N-(4-Hydroxyphenyl)glycine,3alpha,4,7,7alpha-Tetrahydro-4-hydroxy-1H-isoindole-1,3(2H)-dione,3alpha,4,5,7alpha-Tetrahydro-5-hydroxy-1H-isoindole-1,3(2H)-dione,3-Methoxyanthranilate,Noradrenochrome o-semiquinone,2-Aminobicyclo[3.1.0]hexane-2,6-dicarboxylic acid	15245
201.0221	24.8	0.029243339170068872	-6.3610597493785	C8H10O4S	-0.6144528407344083	4-Ethylphenylsulfate,3-ethylphenyl Sulfate	15424
191.0492	191.71	0.018774898921798632	7.608696192528581	C6H12N2O3S	3.4214021947430915	Cysteinyl-Alanine,Alanylcysteine	15684
191.0492	301.17	0.018147913064030123	7.74941543423893	C6H12N2O3S	1.353427204667227	Cysteinyl-Alanine,Alanylcysteine	15685
167.0536	47.88	0.013555651161306637	-8.9969780637173	C8H9NO3	-0.7612904418795843	2-Hydroxy-N-(2-hydroxyphenyl)acetamide,Pyridoxal,4-Hydroxyphenylglycine,Isopyridoxal,N-(4-Hydroxyphenyl)glycine,3alpha,4,7,7alpha-Tetrahydro-4-hydroxy-1H-isoindole-1,3(2H)-dione,3alpha,4,5,7alpha-Tetrahydro-5-hydroxy-1H-isoindole-1,3(2H)-dione,3-Methoxyanthranilate	kp363_167.0582
192.0522	135.98	0.0413208533864813	-5.446128851690093	C7H9N5O3,C7H7N5O2	-1.0788820171883877	6-Carboxy-5,6,7,8-tetrahydropterin,6-Hydroxymethylpterin	16368
202.9969	191.71	0.04074169714924463	-5.488104505452801	C5H4N4O3,C8H5F3O4	-0.6440520041827575	Uric acid,2-Hydroxy-5-(trifluoromethoxy)benzoic Acid	16639
203.0016	30.59	0.012047696819858128	-9.413074199413423	C7H8O5S,C7H8O5S	-1.2818206880198773	4-Methylcatechol 1-sulfate,4-Methylcatechol 2-sulfate,O-methoxycatechol-O-sulphate,Sulfuric acid 4-methoxyphenyl ester,3-Methylcatechol 2-sulfate,3-Methoxyphenol sulfate,3-Methylcatechol 1-sulfate,4-Methylcatechol 1-sulfate,4-Methylcatechol 2-sulfate,O-methoxycatechol-O-sulphate,Sulfuric acid 4-methoxyphenyl ester,3-Methylcatechol 2-sulfate,3-Methoxyphenol sulfate,3-Methylcatechol 1-sulfate	16670
203.0669	369.06	0.0013812191877954716	-21.82130361006142	C7H12N2O5,C7H12N2O5,C10H16S,C7H14N2O6	-3.0489522262575726	Glutamylglycine,Alanylaspartic acid,Alanyl-Aspartic acid,L-beta-aspartyl-L-alanine,Glycyl-Glutamate,Aspartyl-Alanine,gamma-Glutamylglycine,Glutamylglycine,Alanylaspartic acid,Alanyl-Aspartic acid,L-beta-aspartyl-L-alanine,Glycyl-Glutamate,Aspartyl-Alanine,gamma-Glutamylglycine,2-Hexylthiophene,Glucosamine, N-carbamoyl-(6CI),beta-D-Glucopyranosylurea	16801
221.0851	31.93	0.038762598570654755	5.612457926336057	C12H14N2,C15H11NO,C7H21O2Si3	0.43142891679182327	N-(1-Naphthyl)ethylenediamine,Detomidine,1-(1-Naphthyl)ethylenediamine,1-Phenyl-5-propyl-1H-pyrazole,1-Phenyl-3 or 5-propylpyrazole,1,2,3,4-Tetrahydro-2-methyl-b-carboline,2,5-Diphenyloxazole,Methylpolysilicone	16858
221.9511	225.7	8.584259877218791e-05	78.92522037702224	C10H5Cl2NO2	4.489776616051028	Quinclorac	16996
193.0536	34.43	0.0011790744240278424	25.14528411472349	C10H10N2,C10H8FNO2	0.8855831913445442	1,2-Diaminonaphthalene,Nicotyrine,1,5-Naphthalenediamine,2,3-Diaminonaphthalene,1-Benzylimidazole,3-Fluoro-8-methoxy-1H-quinolin-2-one,6-Fluoro-8-methoxy quinolone	17169
193.0647	269.79	0.009154580586104653	10.547150196262086		0.8714087340496377	193.0647_M-H-	
243.0622	160.23	0.003048161065426988	-15.822187791768778	C9H12N2O6,C9H14N2O7	-1.6675142638379157	1-[(2R,3R,4S,5R)-3,4-Dihydroxy-5-(hydroxymethyl)oxolan-2-yl]oxypyrimidin-2-one,Uridine,1-[(2R,3S,5R)-3,4-Dihydroxy-5-(hydroxymethyl)oxolan-2-yl]pyrimidine-2,4-dione,Pseudouridine,Glutamylaspartic acid,gamma-Glutamylaspartic acid,N-Acetyl-serylaspartic acid,L-beta-aspartyl-L-glutamic acid,Aspartyl-Glutamate	17504
194.0568	34.3	0.002075110167312431	18.57190446364159	C8H11N3O4	2.9422654975969813	4-((2-Nitro-1H-imidazol-1-yl)methoxy)-2-buten-1-ol,beta-L-Dioxolane-cytidine	17520
194.0681	269.79	0.018142147041920752	7.81173220099253	C7H9N5O2	0.8721426727467012	6-hydroxymethyl-7,8-dihydropterin,7-(2-Hydroxyethyl)guanine	17523
205.0357	32.33	0.014428776293892265	-8.63631991348208	C7H10O7,C8H14O2S2	-0.8525541516268085	Glucose ketone,3-(Carboxymethyl)-3-hydroxypentanedioic acid,Homocitric acid,2-Methylcitric acid,2-Methoxypropane-1,2,3-tricarboxylic acid,Methylisocitric acid,Thioctic acid,(S)-Lipoic acid,(R)-Lipoic acid	17568
244.0227	321.66	0.005903529402174239	-12.490028760643073		-1.8703767162869234	244.0227_M-H-	
244.0656	160.23	0.03636886927826053	-5.780113679267752	C9H12N2O6	-4.638597915347582	1-[(2R,3R,4S,5R)-3,4-Dihydroxy-5-(hydroxymethyl)oxolan-2-yl]oxypyrimidin-2-one,Uridine,1-[(2R,3S,5R)-3,4-Dihydroxy-5-(hydroxymethyl)oxolan-2-yl]pyrimidine-2,4-dione,Pseudouridine	kp451_244.0695
244.0826	191.97	0.02715088249797886	-6.588735870010731	C9H16N4S2,C9H8N8O	-0.518052072938854	Metiamide,4-Amino-1-(6-aminopurin-9-yl)pyrimidin-2-one	17789
223.9966	33.38	0.0010855562281902429	25.908567838234454		3.322207827012832	223.9966	
206.0457	28.09	0.018402764218717258	7.708110036623952	C10H9NO4,C10H11NO5	1.1994239701479277	1-Nitro-5,6-dihydroxy-dihydronaphthalene,5-Hydroxy-6-methoxy-1h-indole-2-carboxylic acid,6-Hydroxy-5-methoxy-1h-indole-2-carboxylic acid,4-(2-Aminophenyl)-2,4-dioxobutanoic acid,2-Hydroxy-4,7-dimethoxy-2H-1,4-benzoxazin-3(4H)-one,Vanilloylglycine,4-amino-4-deoxychorismate	17907
267.0731	132.96	0.03376939014143733	-5.9911401012834915	C10H12N4O5,C9H16O9	-0.5492188502967821	Ara-HX,Formycin b,Allopurinol riboside,Arabinosylhypoxanthine,Inosine,3-Deoxy-D-glycero-D-galacto-2-nonulosonic acid,galactose lactate,Fructose lactate	17916
267.0909	52.51	0.018589434510917276	-7.649027226924445	C13H16N2O2,C13H17ClN2O2,C11H18N4O3S,C11H18N4O3S,C16H13NO3,C13H19ClN2O3	-0.6708038137631505	(2E)-2-[[(Z)-3-Phenylbut-2-enyl]hydrazinylidene]propanoic acid,Aminoglutethimide,Pirmagrel,Melatonin,Mofebutazone,N-[2-(5-Methoxy-3H-indol-3-yl)ethyl]acetamide,Ethyl L-tryptophanate,Moclobemide,[(2S)-2-Amino-3-(1H-imidazol-5-yl)propanoyl] (2S)-2-amino-4-methylsulfanylbutanoate,Methionyl-Histidine,Histidylmethionine,[(2S)-2-Amino-3-(1H-imidazol-5-yl)propanoyl] (2S)-2-amino-4-methylsulfanylbutanoate,Methionyl-Histidine,Histidylmethionine,2-(2-Amino-3-methoxyphenyl)-4H-1-benzopyran-4-one,Hydroxymelphalan	17963
245.0432	261.35	0.03981744779589181	-5.545198300866276	C8H10N4O3,C7H14O7,C6H15O8P,C11H7N3O4,C9H16N2O3S2	-1.4768016553883427	1,3,9-Trimethyluric acid,Caffeinol,1,3,7-Trimethyluric acid,d-Glycero-d-galacto-heptose,MANNOHEPTULOSE,L-galacto-2-Heptulose,(3R,5R,6R)-1,2,3,5,6,7-Hexahydroxyheptan-4-one,Crocose,Sedoheptulose,D-altro-D-manno-Heptose,D-manno-2-Heptulose,Glycerophosphoglycerol,7-Methoxycoumarin-3-carbonyl azide,Ethanethioic acid, S-(2-(((2R)-2-(acetylamino)-3-mercapto-1-oxopropyl)amino)ethyl)ester	18070
268.8012	134.53	0.010604229186640323	9.910214701504964		0.36488720909068917	268.8012	
207.0318	32.59	0.013572228556860863	8.904383999503652	C10H8N2O,C5H9N3O4S	2.1297095367251977	isoquinoline-1-carboxamide,4-Hydroxy-1H-indole-3-acetonitrile,3-Acetyl-2,7-naphthyridine,3-Phenyl-1H-pyrazole-4-carbaldehyde,Quinoline-3-carboxamide,S-Nitroso-L-cysteinylglycine	18222
226.0177	27.3	0.033685531939800006	-6.014254631882287	C9H11NO5S,C9H9NO4S	-0.6538941974316899	4-Methoxyindoxyl sulfate,6-Hydroxyindoxyl sulfate	18288
207.0694	33.64	0.009532109842140458	10.366471805792017	C11H12N2,C14H9NO,C11H13ClN2	0.5122295207837517	tetrahydropyridoindole,1,2,3,4-Tetrahydro-beta-carboline,N-BENZYL-3-CYANOAZETIDINE,Carbamazepine iminoquinone,Benzofuroindole,(+)-Epibatidine	18333
269.0814	210.57	0.01952550054372092	7.505243017990969	C16H16O5,C16H14O4,C10H23O2PS2,C11H14N4O2,C11H15ClN4O2	1.7403707342695718	C.I. Natural Red 20,vanillyl mandelic acid,5'-Methoxy-O-desmethylangolensin,Columbianetin acetate,6'-Hydroxyangolensin,11-Methoxyyangonin,10-Methoxyyangonin,4-Methyl-1-(1,4,5,8-tetrahydroxynaphthalen-2-yl)pent-2-en-1-one,1-(3-Methoxy-4-hydroxy)-phenyl-6,7-dihydroxy-isochroman,Loureirin D,Dimethyl [1,1'-biphenyl]-4,4'-dicarboxylate,Alpinetin,2'-O-Methylisoliquiritigenin,Medicarpin,Vignafuran,(2R)-5-Hydroxy-7-methoxy-2-phenyl-3,4-dihydro-2H-1-benzopyran-4-one,Isomedicarpin,[(1S,2S)-2-[[2,2-Dimethylpropyl(nonyl)carbamoyl]amino]cyclohexyl] 3-[[(4R)-2,2,5,5-tetramethyl-1,3-dioxane-4-carbonyl]amino]propanoate,Pinostrobin chalcone,4-O-Methylpinosylvic acid,Imperatorin,Alloimperatorin,3,5-Dimethoxy-2,7-phenanthrenediol,Isoimperatorin,Dihydroformononetin,Cadusafos,Mepirizole,Cyclo(his-pro),Nitenpyram	18543
246.9942	159.05	0.02361528971903841	7.007125162511179	C8H8N2O3S	1.1757551899853738	Zonisamide	18619
227.0392	36.13	0.00637140429970128	-12.046471296156747	C11H10N4OS,C10H12O4S	-0.5288855874810956	9-Deaza-9-(3-thienylmethyl)guanine,Polyanethole-sulfate	18656
227.0867	63.2	0.019821050196216806	7.454967307985201	C10H18N2O3S,C10H16N2O2S,C18H12,C13H10FN3	1.6376146741593036	Methionyl-Proline,Prolyl-Methionine,Thiobutabarbital,5-(Hexahydro-2-oxo-1H-thieno[3,4-D]imidazol-6-YL)pentanal,Chrysene,Benz[a]anthracene,Osilodrostat	18765
249.0396	321.79	0.018017169018262474	-7.856216895810237	C7H10N4O4,C8H12NO6P,C12H12O7,C12H10O6	-1.058643540337247	Etanidazole,Pyridoxine 5'-phosphate,Pyran-3,4-dicarboxylic anhydride, tetrahydro-2-methyl-6-(tetrahydro-2,5-dioxo-3-furyl)-, polymer,Diacetyl benzene-1,2-dicarboxylate	19188
210.1002	29.8	0.018147913064030123	7.755727618420315	C10H14N2O3	2.207840854815654	Aprobarbital,3',5'-Dideoxythymidine	19231
210.8419	134.8	0.046147480319435975	5.1574727710334205		0.21826415512106223	210.8419_Na/H	
249.1496	26.65	0.04450077172552502	5.281074590294702	C15H22O3,C15H24O4	3.0555245987084625	Ketosantalic acid,Heliannuol D,3-Hydroxytrichothecene,Cadabicilone,Lactaronecatorin A,3beta-Hydroxycinnamolide,5-Hydroxyprocurcumenol,Blennin A,Heliannuol A,Nardosinone,(3beta,6beta)-Furanoeremophilane-3,6-diol,13-Hydroxymarasmene,2-cis,4-trans-xanthoxin,(3beta,8beta)-3-Hydroxy-7(11)-eremophilen-12,8-olide,Gemfibrozil,Abscisic alcohol,Ipomoeamarone,Procurcumadiol,3beta-Dihydroxymarasmene,FS4 toxin,Ethylhexyl salicylate,Valerenolic acid,(6beta,8alpha)-6-Hydroxy-7(11)-eremophilen-12,8-olide,Dihydroparthenolide,1-Hydroxyacorenone,Ketopelenolide a,3,5-Di-tert-butyl-4-hydroxybenzoic acid,3-Ketoapotrichothecene,Piperdial,Bisacurone epoxide,Deoxydihydro-artemisinin,Acoric acid,Prostaglandin lactone-diol,4,11,13,15-Tetrahydroridentin B,[4]-Gingerdiol,1-(3-Furanyl)-6,7-dihydroxy-4,8-dimethyl-1-nonanone,3,11,12-Trihydroxy-1(10)-spirovetiven-2-one	19299
270.9669	71.64	0.010778272463653525	9.84054512684643		4.248853174663459	270.9669	
270.9669	73.87	0.006145565847649017	12.258255103274395		1.1656371864760757	270.9669	
270.9669	74.92	0.0023402978772360315	17.387748912077985		4.10581867700877	270.9669	
250.0867	211.49	0.014428776293892265	8.611281499907747	C11H14ClN5,C16H15NO3,C11H13N5,C14H10N4O	2.489755982882901	cycloguanil,Phthalanilic acid, 2',3'-dimethyl-,N-Benzoyl-D-phenylalanine,1,2-Disehydronorcoclaurine,Indanidine,Olprinone	19506
211.0557	301.7	0.0009224103737176338	27.51712845653122	C8H16O2S,C17H10O,C9H12N2O2S,C8H16O2S	1.7219757112007414	(S)-3-Mercaptohexyl acetate,Methionyl butyrate,Ethyl 5-(methylthio)valerate,8-Mercaptooctanoic acid,Methylthiomethyl hexanoate,Benzanthrone,1-Pyrenecarboxaldehyde,1,2,3,4-Tetrahydroisoquinoline-7-sulfonamide,(S)-3-Mercaptohexyl acetate,Methionyl butyrate,Ethyl 5-(methylthio)valerate,8-Mercaptooctanoic acid,Methylthiomethyl hexanoate	19838
230.0248	67.67	0.02168747607420782	7.2593404984634295	C9H10O5S,C6H13NO4S,C7H9N3O4S	2.6984127305085615	4-Allylpyrocatechol sulfate,3-Phenylpropionic acid sulfate,2-(N-Morpholino)-ethanesulfonic acid,Methaniazide	20002
230.0248	69.24	0.013572228556860863	8.912267591130755	C9H10O5S,C6H13NO4S,C7H9N3O4S	2.535586008899214	4-Allylpyrocatechol sulfate,3-Phenylpropionic acid sulfate,2-(N-Morpholino)-ethanesulfonic acid,Methaniazide	20003
252.0742	191.84	0.024737674802745326	6.846794044371432	C9H11N5O4,C8H15N3O4,C11H12N2O5,C11H12N2O5	1.4624573220143162	Neopterin,Hydroxysepiapterin,Dioxolane guanosine,Novuridine,D-erythro-Eritadenine,Umanopterin,L-Threoneopterin,3'-AZIDO-2',3'-DIDEOXYURIDINE,Glutaminylalanine,N-alpha-Acetyl-L-citrulline,2-(2-Aminopropanylamino)-4-carbamoylbutyric acid,Alanylglutamine,Alanyl-Gamma-glutamate,5-Hydroxy-N-formylkynurenine,5-Ethynyl-2'-deoxyuridine,N5-(3,4-Dioxo-1,5-cyclohexadien-1-yl)-L-glutamine,N-[1-(Hydroxymethyl)-2-(4-nitrophenyl)-2-oxoethyl]acetamide,5-Hydroxy-N-formylkynurenine,5-Ethynyl-2'-deoxyuridine,N5-(3,4-Dioxo-1,5-cyclohexadien-1-yl)-L-glutamine,N-[1-(Hydroxymethyl)-2-(4-nitrophenyl)-2-oxoethyl]acetamide	20203
252.0742	210.57	0.018142147041920752	7.792462741083362	C9H11N5O4,C8H15N3O4,C11H12N2O5,C11H12N2O5	1.2054808332417544	Neopterin,Hydroxysepiapterin,Dioxolane guanosine,Novuridine,D-erythro-Eritadenine,Umanopterin,L-Threoneopterin,3'-AZIDO-2',3'-DIDEOXYURIDINE,Glutaminylalanine,N-alpha-Acetyl-L-citrulline,2-(2-Aminopropanylamino)-4-carbamoylbutyric acid,Alanylglutamine,Alanyl-Gamma-glutamate,5-Hydroxy-N-formylkynurenine,5-Ethynyl-2'-deoxyuridine,N5-(3,4-Dioxo-1,5-cyclohexadien-1-yl)-L-glutamine,N-[1-(Hydroxymethyl)-2-(4-nitrophenyl)-2-oxoethyl]acetamide,5-Hydroxy-N-formylkynurenine,5-Ethynyl-2'-deoxyuridine,N5-(3,4-Dioxo-1,5-cyclohexadien-1-yl)-L-glutamine,N-[1-(Hydroxymethyl)-2-(4-nitrophenyl)-2-oxoethyl]acetamide	20204
231.0503	189.45	0.02364139388835078	6.97014364989806		0.5854096479073441	231.0503_M-H-	
253.0665	191.58	0.0320255298951039	6.1173665305879465	C19H12O2,C10H18O3S,C11H14N2O3S	1.5483107637928448	beta-naphthoflavone,alpha-Naphthoflavone,Anigorufone,S-[1-[2-(Acetyloxy)ethyl]butyl] ethanethioate,Paracetamol cysteine,Acetaminophen cystein	20801
253.0665	208.21	0.04956050713666293	4.999906977112447	C19H12O2,C10H18O3S,C11H14N2O3S	2.2318105848483967	beta-naphthoflavone,alpha-Naphthoflavone,Anigorufone,S-[1-[2-(Acetyloxy)ethyl]butyl] ethanethioate,Paracetamol cysteine,Acetaminophen cystein	20802
253.0665	210.84	0.004602168053139343	13.718860044440701	C19H12O2,C10H18O3S,C11H14N2O3S	1.1486713782151377	beta-naphthoflavone,alpha-Naphthoflavone,Anigorufone,S-[1-[2-(Acetyloxy)ethyl]butyl] ethanethioate,Paracetamol cysteine,Acetaminophen cystein	20803
253.0864	301.7	0.049781889309067476	4.989415257179092	C16H16O4,C13H16ClNO2,C16H14O3	0.4600440087412849	2,4,6-Trimethoxybenzophenone,Cannithrene 2,Isovestitol,Marminal,6-O-Methylequol,1-(2,6-Dihydroxy-4-methoxyphenyl)-3-phenyl-1-propanone,4',7-Dihydroxy-6-methoxyisoflavan,5C-aglycone,1,2-Bis(4-hydroxy-3-methoxyphenyl)ethylene,3'-O-Methylequol,4',7-Dihydroxy-3'-methoxyisoflavan,4-Hydroxyketamine,6-Hydroxyketamine,5-Hydroxyketamine,2,6-Dimethoxy-4-phenanthrenol,Ketoprofen,3,6-Dimethoxy-4-phenanthrenol,Fenbufen,Dexketoprofen	20831
253.1171	222.0	0.01981473349517102	7.465808028377337	C10H15N5O3	5.326495963710645	2-Amino-9-[4-hydroxy-2-(hydroxymethyl)butyl]-3H-purin-6-one,Penciclovir	20851
254.06	212.41	0.04672343189677832	5.125211009063588	C18H11NO2	0.8215327914898793	6-Nitrochrysene	21164
254.8266	151.01	0.0485979061771999	-5.0447129192589975		-0.8113928664273793	254.8266	
233.0777	369.06	0.028787005583652936	-6.402734827164006	C8H14N2O6,C8H16N2O7,C11H18OS	-1.6382741894329484	Threonylaspartic acid,Glutamine lactate,gamma-Glutamylserine,N-(Carboxymethyl)-N-(2-((carboxymethyl)amino)ethyl)glycine,Threoninyl-Aspartate,Aspartyl-Threonine,Tris(carboxymethyl)ethylenediamine,Serylglutamic acid,L-beta-aspartyl-L-threonine,Glutamylserine,Cycasin,1-[2-Methyl-3-(methylthio) allyl]cyclohex-2-enol	21269
214.0482	294.61	0.024806088201345975	-6.824721821951309	C5H14NO6P,C6H13NO5	-1.0102232989405948	Glycerylphosphorylethanolamine,sn-glycero-3-Phosphoethanolamine,Fructosylamine,Glucosamine,1-Aminoglucose,Fructosamine,beta-D-Glucosamine,Tricine,(2R,3R,4S,5R)-2-Amino-3,4,5,6-tetrahydroxyhexanal,beta-D-Galactosamine	21461
276.9733	326.65	0.0034748104869977226	14.980762955498431		1.904385504593069	276.9733	
276.9733	330.06	0.02964179611671655	6.295827012520202		2.934036931657893	276.9733	
277.0178	35.35	0.026375473537153006	-6.663351590570415	C9H12NO5PS,C13H12O6S,C14H14S3	-0.3180500806333484	Fenitrothion,(2s)-2-[6-(Sulfooxy)naphthalen-2-yl]propanoic acid,Benzyl trisulfide	21996
277.1448	28.49	0.0002885729916601232	55.10970394981379	C16H22O4,C16H24O5,C17H18N4	4.224363580151856	Monooctyl phthalate,Diisobutyl phthalate,3-(2-Ethylhexyl)phthalic acid,2,5,7,8-Tetramethyl-2-(2'-carboxyethyl)-6-hydroxychroman,Dibutylphthalic acid,4-Ethyl-3-hexylphthalic acid,alpha-CEHC,Mono(1-ethylhexyl) phthalate,Dibutyl phthalate,Monoethylhexyl phthalic acid,Ovalicin,3,8-Dihydroxy-6-methoxy-7(11)-eremophilen-12,8-olide,Methyl dihydrophaseate,2-Phenyl-4-piperazin-1-yl-1H-benzimidazole	22108
278.0212	28.22	0.046147480319435975	-5.153975709790191	C10H15O3PS2,C11H9ClF3NO2	-0.27529368188598724	Fenthion,Fasentin	22272
278.0438	204.24	0.04753366369292366	5.084951259081973	C10H13NO6	0.33088850111124657	1-[3,4-Dihydroxy-5-(hydroxymethyl)oxolan-2-yl]-4-hydroxyhydropyridin-2-one	22285
256.2364	27.3	0.02964179611671655	6.28829268535786		0.65699222218716	256.2364_M-H-	
278.0883	213.46	0.0022252774128388195	18.113754372813656	C11H15N5O5	0.7795081095023448	1-Methylguanosine,2'-C-Methylguanosine,2-Methylguanosine,3'-O-Methylguanosine,Nelarabine	22318
215.8606	149.8	0.04599911081748561	-5.199564686596685		-0.7222710839888116	215.8606	
256.9908	258.6	6.959104867626914e-05	95.74042789074355		3.1874152346684177	256.9908_M-H-	
279.8666	134.14	0.04599911081748561	-5.201511517167093		-0.4758813908136936	279.8666_HCl	
215.981	239.0	0.01796065361085487	7.874595628729537		3.236089884997398	215.981_HCl, 2x charged	
281.2488	26.91	0.006516276882473981	11.871341503368031	C18H34O2,C18H36O3,C18H33O2	2.0060024953653937	7Z-octadecenoic acid,trans-15-Octadecenoic acid,trans-4-Octadecenoic acid,Octadec-9-enoic Acid,trans-12-Octadecenoic acid,Petroselinic acid,Oleic acid,cis-Vaccenic acid,cis-15-Octadecenoic acid,trans-14-Octadecenoic acid,trans-8-Elaidic acid,cis-12-Octadecenoic acid,11-Aoctadecenoic acid,7-Octadecenoic acid,trans-10-Octadecenoic acid,Elaidic acid,Octadec-5-enoic acid,(Z)-13-Octadecenoic acid,Octadecenoic acid,Ethyl 9-hexadecenoate,trans-16-Octadecenoic acid,Vaccenic acid,6-Octadecenoic acid,2-Hydroxyoctadecanoic acid,Octadecaneperoxoic acid,(R)-3-Hydroxy-Octadecanoic acid,13-hydroxyoctadecanoic acid,11-Hydroxyoctadecanoic acid,8-Hydroxyoctadecanoic acid,9-hydroxyoctadecanoic acid,2-Hydroxystearic acid,6-Hydroxyoctadecanoic acid,7-Hydroxyoctadecanoic acid,5-Hydroxyoctadecanoic acid,12-Hydroxystearic acid,xi-10-Hydroxyoctadecanoic acid,petroselinate	23328
217.0126	191.71	0.014199445872101433	-8.722191607220632	C6H6N4O3	-0.7814554108059504	7-Methyluric acid,1-Methyluric acid,9-Methyluric acid,3-Methyluric acid	23332
258.819	150.88	0.04480018177139807	-5.266415200910546		-0.3315098526727027	258.819_HCl	
217.036	192.5	0.024806088201345975	6.82578574966187	C9H6F3NO2	2.187505310647264	7-(Trifluoromethoxy)indolin-2-one	23403
281.8637	134.14	0.011834930521880836	-9.513626959512328		-0.4115431524481501	281.8637_K/H	
282.0071	50.11	0.028019060869669647	6.502216000789199	C11H11NO7S	0.4346876149565624	4-Sulfoxyphenylacetyl dehydroalanine,3-Hydroxycinnamoylglycine sulfate	23440
282.0481	95.93	0.0012527407308866843	23.80362924145129	C8H13N3O6	1.872884346697143	Doranidazole,Aspartyl-Asparagine,Asparaginylaspartic acid	23473
217.0827	340.83	0.010106232491860875	-10.077045833497085	C8H14N2O5	-4.8217888028865055	Hydroxyprolyl-Serine,Serylhydroxyproline,N-gamma-L-Glutamyl-D-alanine,Glutamylalanine,gamma-Glutamylalanine,Alanylglutamic acid	23510
282.0834	167.9	0.002650249196036794	-16.580898036448268	C10H13N5O5,C16H13F2N3O	-2.7010223395641617	8-Hydroxy-2-desoxyguanosine,8-Hydroxy-deoxyguanosine,2-Amino-9-[(2R,4S,5R)-5-(hydroperoxymethyl)-4-hydroxyoxolan-2-yl]-1H-purin-6-one,9-beta-d-Arabinofuranosylguanine,Guanosine,1-[(2R,5R)-4-Azidooxy-5-(hydroxymethyl)oxolan-2-yl]-5-methylpyrimidine-2,4-dione,hydroxydeoxyguanosine,Flutriafol,1H-1,2,4-Triazole-1-ethanol, alpha,alpha-bis(4-fluorophenyl)-	23602
217.8577	149.8	0.035425678842212364	-5.8396707608348795		-0.8615434268059978	217.8577	
283.1918	58.84	0.0013661844755373728	22.439719184927768	C17H26N4O,C16H30O5,C16H28O4,C16H28O4	1.103525244037625	Emedastine,Alniditan,xi-7-Hydroxyhexadecanedioic acid,Gemcabene,xi-8-Hydroxyhexadecanedioic acid,hexadecanedioate,Tetranorprostanedioic acid,hexadecanedioate,Tetranorprostanedioic acid	23937
239.0595	149.4	0.04283506213003416	-5.3619940497038	C11H12N2O2,C14H9NO3,C9H20OS3	-0.9118049919943481	Ethotoin,Idazoxan,4-Hydroxyantipyrine,Nirvanol,3-Hydroxymethylantipyrine,3h-Indole-3-propanoic acid,a-amino-,(±)-Tryptophan,L-Tryptophan,D-Tryptophan,S-nirvanol,Marcanine A,Propyl 1-(propylsulfinyl)propyl disulfide	23948
239.0707	229.91	0.04372770670959154	5.311798142616892	C15H14O4,C15H12O3,C12H14ClNO2	1.6780530559529687	Yangonin,Wyerone,Peucedanin,Demethylvestitol,5-Methoxyseselin,2-(4-Hydroxy-3-phenoxyphenyl)propanoic acid,Archangin,(2S,3R,4R)-3,4,4'-Trihydroxyflavan,Braylin,cis-4-Hydroxyequol,Isorhapontigenin,Xanthoxyletin,3',4',7-Trihydroxyisoflavan,O-Desmethylangolensin,3'-Hydroxyequol,Rhapontigenin,Acetomenaphthone,3-(4-Hydroxyphenyl)-3,5,6,8-tetrahydro-2H-chromene-4,7-dione,2,3-Dihydroflavon-3-ol,3',4'-Dihydroxychalcone,Lettucenin A,Idronoxil,2,4-Dihydroxychalcone,3'-Hydroxyflavanone,2-Hydroxyflavanone,2',5'-Dihydroxychalcone,Chrysophanol-9-anthrone,4'-Hydroxyflavanone,6-Hydroxynorketamine,Clomazone	23962
218.0667	284.36	0.009864082136072457	-10.162245572158053	C8H15NO7,C7H14N4S2,C8H13NO6	-3.1200724853437585	N-(1-Deoxy-1-fructosyl)glycine,Fructoseglycine,Metallibure,O-Succinyl-L-homoserine	23965
283.8607	134.14	0.030581937608414416	-6.2215754046600305	C8Cl4O3	-0.6481923985451452	Tetrachlorophthalic anhydride	24009
219.0193	204.11	0.034097745356152113	5.968818521909116		0.4566075376736869	219.0193	
293.0994	321.26	0.015813976690497434	-8.230459399760836	C10H18N2O8,C11H14N6O4	-1.9382486993022425	Distichonic acid A,Distichonic acid B,5'-N-Methylcarboxamidoadenosine	24690
293.1796	25.19	0.036882007132063514	5.746331376238158	C20H23NO,C14H30O4S	2.293823125718003	(Z)-10-Hydroxyamitriptyline,E-10-Hydroxyamitriptyline,Levoprotiline,[1,1'-Biphenyl]-4-carbonitrile, 4'-(heptyloxy)-,Quifenadine,Amitriptylinoxide,Sodium Tetradecyl Sulfate	24704
262.8131	150.88	0.03599949705054748	-5.802195703589737		-0.7051166147920398	262.8131	
241.181	28.22	0.014428776293892265	8.623959388294358	C14H26O3	0.6404674250852835	6-Ketomyristic acid,L-Menthyl (R,S)-3-hydroxybutyrate,3-Oxotetradecanoic acid	24927
287.0654	258.33	0.01991021835240251	7.435974084233303	C8H16N2O7,C9H12N6O3,C8H13N6O4P	1.4835611814857543	Cycasin,Amdoxovir,9-(2-Phosphonylmethoxyethyl)-2,6-diaminopurine	25311
264.0376	93.56	0.04672343189677832	5.122760014856512		3.835488548091867	264.0376	
288.9692	297.76	0.0012527407308866843	-23.734623351664396	C9H3F5O3	-3.0695221410046685	Pentafluorobenzoyl acetate	25819
318.9801	268.74	0.0013812191877954716	-21.84751161017703		-2.9745559005127618	318.9801	
318.9801	270.45	0.013945270744344082	-8.796462452433575		-2.9942992629867824	318.9801	
298.0152	36.0	0.001588250427502363	-20.44293230888858	C9H13NO6S,C9H11ClFN3O3	-0.8375328972224558	Epinephrine sulfoconjugate,N-acetyl-S-(3-oxo-3-carboxy-n-propyl)cysteine,Epinephrine sulfate,Epinephrine 3-sulfate,Cytidine, 5-chloro-2',3'-dideoxy-3'-fluoro-	26008
289.9686	298.02	0.0017549831867687403	-19.56275188711599	C9H10INO2	-3.148730179484609	2-Amino-3-(4-iodophenyl)propanoic acid,2-Iodo-l-phenylalanine	26097
319.077	189.58	0.018446321719972167	7.683097747157224		0.601937160283132	319.077_M-H-	
266.005	322.05	0.005807754995930815	-12.578522779727535		-1.0580872790356253	266.005_Na/H	
319.9055	89.1	0.0005366963292976079	36.86903630751467		3.4847712515177953	319.9055	
319.9055	93.04	0.004878926647516988	13.473277116093149		3.2728927732952986	319.9055	
319.9055	94.88	0.0005366963292976079	36.98184126148828		2.8699685124310577	319.9055	
319.9055	100.52	0.0005366963292976079	36.60880587928371		2.585047941331325	319.9055	
319.9055	103.94	0.028320554160526933	6.471411514066428		1.6659350927187901	319.9055_M-H-	
319.9055	134.27	0.04573383933920925	5.231387343599205		1.1281133379008068	319.9055	
320.9054	97.11	0.003358199785834604	15.216415960816052	C10H7Cl3N2O3S	3.839718127682266	2,4,5-Trichloro-N-(5-methyl-1,2-oxazol-3-yl)benzenesulfonamide	26479
320.9054	102.1	0.0037669734990224734	14.529609362147749	C10H7Cl3N2O3S	3.153875181053314	2,4,5-Trichloro-N-(5-methyl-1,2-oxazol-3-yl)benzenesulfonamide	26482
320.9054	103.94	0.009138561433961093	10.576518794235929	C10H7Cl3N2O3S	2.0723277674556044	2,4,5-Trichloro-N-(5-methyl-1,2-oxazol-3-yl)benzenesulfonamide	26483
320.9054	106.04	0.009864082136072457	10.17108724575859	C10H7Cl3N2O3S	2.2317798869878693	2,4,5-Trichloro-N-(5-methyl-1,2-oxazol-3-yl)benzenesulfonamide	26484
299.0164	36.0	0.02322022928927276	-7.057582275133526	C9H12O9,C8H15O11P	-0.7132783035323911	tri-glyceride,3-deoxy-D-manno-octulosonate 8-phosphate	26514
299.0164	52.11	0.03540216752436576	-5.849957010049891	C9H12O9,C8H15O11P	-0.7388594763139977	tri-glyceride,3-deoxy-D-manno-octulosonate 8-phosphate	26515
290.9659	297.89	0.0024096774176884917	-17.11961993420815	C6H9O9P	-3.1614150511965207	[(5R)-5-[(1S)-1,2-Dihydroxyethyl]-2,4-dioxooxolan-3-yl] dihydrogen phosphate,[(2R)-2-[(1S)-1,2-Dihydroxyethyl]-4,5-dioxooxolan-3-yl] dihydrogen phosphate,Vitamin C phosphate	26535
267.0206	179.33	0.006388320507886027	12.006110475980798	C11H10Cl2N4	1.828206021683517	Metoprine	26708
299.9466	22.83	0.028019060869669647	6.5048139575632025	C4HF9O3S	2.094499615444821	Perfluorobutanesulfonic acid	kp869_299.9505
292.034	210.18	0.02361528971903841	-6.993954190722338	C12H16ClNOS,C9H16N3O2PS2	-0.8688346514248124	Thiobencarb,Pirimiphos	27193
301.0222	32.19	0.03188277682132617	6.138139542522038	C12H14N2OS2,C15H11ClN2OS	1.4856992937361575	Methoxybrassinin,4-Methoxybrassinin,4-[[4-(4-Chlorophenyl)-2-thiazolyl]amino]phenol	27361
347.0189	321.39	0.025117563440840637	-6.763211049632013	C14H9ClF3NO4	-1.3284869822550078	8,14-Dihydroxyefavirenz	27406
347.0746	233.85	0.0012527407308866843	-23.739450307007726	C11H20O10,C12H16N4O6,C16H19ClN4O2S	-3.680976890939739	4-O-beta-D-Galactopyranosyl-D-xylose,Gaxilose,Arabinogalactose,Serotinose,4-Galactosylxylose,3-O-beta-D-Galactopyranosyl-L-arabinose,2-O-b-D-Galactopyranosyl-D-xylose,Sambubiose,2-O-(beta-L-Arabinopyranosyl)-myoinositol,Galactose-beta-1,4-xylose,Dinitrophenyl-lysine,Pirinixil	27456
347.0865	258.2	0.013421537044940332	9.072328451394124	C14H21NO5S2,C20H18N2O3S,C12H14N8O6,C20H16N2O2S	2.064092521114919	N-Benzylglucamine dithiocarbamate,5-((4-(2-(1H-Indol-1-yl)ethoxy)phenyl)methyl)-2,4-thiazolidinedione,7,7,8,8-Tetrakis(methoxydiazenyl)bicyclo[4.2.0]octa-1(6),3-diene-2,5-dione,Verinurad	27460
325.0907	189.31	0.016505680670697284	8.076031719403913	C10H18N4O6,C13H15N3O7	0.471730150342097	ARGININOSUCCINATE,N2-(3-Hydroxysuccinoyl)arginine,N2-(3-Carboxy-2-hydroxy-1-oxopropyl)arginine,Argininosuccinic acid,Asparagine-betaxanthin	27835
325.1255	279.24	0.046147480319435975	5.176061743085728	C14H26O4S	1.2317749208638773	Diisopentyl thiomalate	27837
348.9352	297.76	0.0024096774176884917	-17.125821475793106		-2.979034807307084	348.9352	
349.0918	210.05	0.02369612982974355	-6.934673629759753	C17H18O8,C17H20O9,C15H17F3N2O2,C13H14N8O2,C16H16FN3O3S	-0.5901237314426666	3-Feruloyl-1,5-quinolactone,4-Feruloyl-1,5-quinolactone,6-[2,3-Dihydroxy-1-(hydroxymethyl)propyl]-1,2-dihydro-7-hydroxy-9-methoxy-cyclopenta[c][1]benzopyran-3,4-dione,5-(4’-hydroxyphenyl)-γ-valerolactone 4'-glucuronide,Feruloylquinic acid,3-Feruloylquinic acid,4-Feruloylquinic acid,3-O-Caffeoyl-1-O-methylquinic acid,3-O-Caffeoyl-4-O-methylquinic acid,5-Feruloylquinic acid,5-(3'-Hydroxyphenyl)-γ-valerolactone 3'-glucuronide,3-[4-(3-Trifluoromethyl-phenyl)-piperazin-1-yl]-dihydrofuran-2-one,Molinate,Ulifloxacin	28197
303.9545	225.97	0.0005366963292976079	35.70242634469971		3.3322499602251163	303.9545	
349.9833	81.88	0.002945397220998922	16.02022293076675		3.3190025880744383	349.9833	
349.9833	84.24	0.0007053775666805501	30.750239819374585		2.808858684855217	349.9833	
349.9833	86.34	0.0023037249804099156	17.530180918385767		4.390266929558994	349.9833	
349.9833	95.8	0.0007372389848547017	29.72495574117095		4.314559921521251	349.9833	
349.9833	98.55	0.0003266151292975333	51.044410484289074		3.1874692299207155	349.9833	
349.9833	100.26	0.0004288982160267905	43.13653781863075		3.7812481168376006	349.9833	
349.9833	102.76	0.006490021927287715	11.926045367671016		3.096679829771679	349.9833	
349.9833	104.73	0.0055483702208726626	12.800894255815237		3.13180871059852	349.9833	
303.9775	93.04	0.047696565518551635	5.07572518653477		1.8701254755224248	303.9775	
303.9775	99.21	0.04074899917953551	5.482650231362585		2.6290625735006046	303.9775	
351.0144	321.26	0.02361528971903841	-6.985171820183736	C18H8O8	-0.6534313285984297	Thelephoric acid	28758
377.0238	189.05	0.02364139388835078	6.955570275116443		0.5469101715234821	377.0238	
305.9779	165.51	0.005495481660253898	-12.870537973864709	C9H12ClN3O4S2	-1.8213437750774908	Ethiazide	29123
379.0007	32.46	0.032491421949616205	6.086785587769349		0.8389280482052754	379.0007	
380.0488	91.2	0.03540216752436576	5.864108026878434	C12H18N4O4PS	3.6244175725132237	Thiamine monophosphate	29708
307.0939	253.97	0.030024637403288104	-6.259557750338034	C14H16N2O6,C14H18N2O7,C15H14N6O3	-4.368182235144669	(2S)-2-[Acetamido(benzoyl)amino]pentanedioic acid,Indicaxanthin,Quercetin 3-O-sophoroside,N-Succinimidyl 6-Maleimidohexanoate,N-(4-Acetamidobenzoyl)-L-glutamic acid,Humilixanthin,gamma-Glutamyldopa,Ethyl 8-azido-5-methyl-6-oxo-4H-imidazo[1,5-a][1,4]benzodiazepine-3-carboxylate	29842
381.0344	197.51	0.014757068826951119	8.495003217361935	C16H13ClFN3O3S,C13H19ClN2O5S2	4.515050817992549	Cimicoxib,Mefruside	30051
381.0464	274.91	0.03078004468893437	-6.20388063589112	C15H15N3O5S2	-1.9819494395119648	Desacetycefapirin	30062
381.4878	138.08	0.007147563481674495	11.429133859341777		1.654431614804544	381.4878	
381.4878	141.89	0.007301013202259542	11.339197941555211		2.900627495001796	381.4878	
355.0447	35.35	0.04741378102079216	-5.092918749055308	C18H12O8,C16H11F3N2O2,C16H17ClN2OS	-0.4396124615240531	Xerocomic acid,Grevilline C,Grevilline D,5-Amino-2-(4-amino-3-fluorophenyl)-6,8-difluoro-7-methyl-4H-1-benzopyran-4-one,Encenicline	30145
333.0596	191.97	0.008346651969255393	-10.91834386766954	C9H19O11P,C20H16O4S,C10H18O10	-5.207486922229894	Glycerophosphoinositol,7-Hydroxymethyl-12-methylbenz[a]anthracene sulfate,2,3,4,5-Tetrahydroxy-6-(1,2,3,4-tetrahydroxybutyl)oxane-2-carbaldehyde	30193
333.0596	350.67	0.011834930521880836	-9.53019345407981	C9H19O11P,C20H16O4S,C10H18O10	-1.3197564281514822	Glycerophosphoinositol,7-Hydroxymethyl-12-methylbenz[a]anthracene sulfate,2,3,4,5-Tetrahydroxy-6-(1,2,3,4-tetrahydroxybutyl)oxane-2-carbaldehyde	30195
333.0741	188.66	0.039396623094930305	5.571165143771941	C14H18O7,C17H20BrNO	2.93089789207389	Chakanoside I,Pentaerythritol triacrylate,4-Ethylphenol glucuronide,2-Phenylethanol glucuronide,Bromodiphenhydramine	30196
333.0741	191.31	0.014757068826951119	8.479921318146022	C14H18O7,C17H20BrNO	6.81002006630057	Chakanoside I,Pentaerythritol triacrylate,4-Ethylphenol glucuronide,2-Phenylethanol glucuronide,Bromodiphenhydramine	30197
333.0741	210.31	0.03376939014143733	6.003086474920446	C14H18O7,C17H20BrNO	5.081399092885455	Chakanoside I,Pentaerythritol triacrylate,4-Ethylphenol glucuronide,2-Phenylethanol glucuronide,Bromodiphenhydramine	30198
382.1007	301.3	0.0012078019847277903	-24.774139561113085	C14H17N5O8	-3.3045561543072566	Succinyladenosine,N6-Succinyl Adenosine	30238
334.1058	269.53	0.014757068826951119	8.451044212719932	C17H18O7,C14H21NO6,C15H19N3O7	3.403413529712161	Mukurozidiol,2,3-dimethylidenepentanedioylcarnitine,Pugnac	30468
383.0654	192.63	0.038604579312646166	5.655390990753036	C12H21N3O5S3,C18H18N4O3S2	1.679514930665107	Brinzolamide,Pritelivir	30635
383.0654	199.62	0.03316191574426046	6.046494116922708	C12H21N3O5S3,C18H18N4O3S2	0.830778001111625	Brinzolamide,Pritelivir	30636
383.0654	213.2	0.036572471609920325	5.765444423471729	C12H21N3O5S3,C18H18N4O3S2	1.3574510378726572	Brinzolamide,Pritelivir	30638
357.0442	34.03	0.024891291852690005	-6.810032099230027	C13H14N4O4S,C16H11N3O5S	-0.3683977312243165	N-[4-[(6-Methoxypyrimidin-4-yl)sulfamoyl]phenyl]acetamide,Droxicam	30729
383.8971	334.65	0.018142147041920752	7.783919734172781	C9H11Cl3NO3PS	2.3450131770144758	Chlorpyrifos	30806
383.8971	337.94	0.013555651161306637	8.955875162056286	C9H11Cl3NO3PS	3.5047559146699765	Chlorpyrifos	30807
383.8971	339.38	0.0406538507400956	5.501823260681832	C9H11Cl3NO3PS	2.720425743524178	Chlorpyrifos	30808
311.1099	281.21	0.029539515216936263	-6.329406640390618	C19H19FO4	-2.780631951060819	Flurbiprofen axetil	30969
335.7968	137.03	0.03869771216657623	-5.642639241976554		-0.8296158113287149	335.7968_HCl	
336.5966	321.79	0.01641226404490886	8.100475538675637		3.578502855996682	336.5966	
336.5966	323.76	0.014757068826951119	8.464908140874243		3.2653906692857184	336.5966_M-H-, 2x charged	
336.5966	338.73	0.013945270744344082	8.813264111854865		2.9594822552425306	336.5966	
386.0339	343.19	0.0004288982160267905	43.0758447212549	C10H17N3O9S2	4.1948858748553235	2-Amino-5-[[1-[carboxymethyl(sulfo)amino]-1-oxo-3-sulfanylpropan-2-yl]amino]-5-oxopentanoic acid	31614
313.8384	140.18	0.02364139388835078	-6.947686828650763		-1.0055846381418654	313.8384	
337.0633	321.26	0.006198079017977314	-12.194695558874407	C20H14O3	-0.6492343663677929	9-(4-Hydroxyphenyl)-2-methoxy-1H-phenalen-1-one,Benzo[a]pyrene-7,8-dihydrodiol-9,10-oxide,2-Hydroxy-4-(4-methoxyphenyl)-1H-phenalen-1-one	32119
337.7939	136.77	0.02322022928927276	-7.06596315986839		-0.9967832733133477	337.7939_HCl	
388.957	185.1	0.028787005583652936	6.404070909006341		1.4821927446784642	388.957_Na/H	
389.0857	199.75	0.005807754995930815	12.604166248204006	C15H22N4O2S2,C15H22N4O2S2	3.486360334822585	Allithiamine,N-[(4-Amino-2-methylpyrimidin-5-yl)methyl]-N-[5-hydroxy-3-(prop-2-enyldisulfanyl)pent-2-en-2-yl]formamide,Allithiamine,N-[(4-Amino-2-methylpyrimidin-5-yl)methyl]-N-[5-hydroxy-3-(prop-2-enyldisulfanyl)pent-2-en-2-yl]formamide	32412
389.0857	213.33	0.009752405467709656	10.24052546328451	C15H22N4O2S2,C15H22N4O2S2	1.8890879046395703	Allithiamine,N-[(4-Amino-2-methylpyrimidin-5-yl)methyl]-N-[5-hydroxy-3-(prop-2-enyldisulfanyl)pent-2-en-2-yl]formamide,Allithiamine,N-[(4-Amino-2-methylpyrimidin-5-yl)methyl]-N-[5-hydroxy-3-(prop-2-enyldisulfanyl)pent-2-en-2-yl]formamide	32414
361.1167	270.97	0.015708810244809225	8.258163489496134	C18H19NO7,C17H14N8O2,C17H24N4O2S2,C15H22N2O6,C19H15N5O3	3.9490919847024344	Avenanthramide A2,3-(5-Methylisoxazol-3-yl)-6-[(1-methyl-1H-1,2,3-triazol-4-yl)methoxy][1,2,4]triazolo[3,4-a]phthalazine,N-(5-(((5-(1,1-Dimethylethyl)-2-oxazolyl)methyl)thio)-2-thiazolyl)-4-piperidinecarboxamide,Nipradilol,1-[(4-Aminophenyl)methyl]-3-(3-nitrophenyl)imidazo[4,5-b]pyridin-2-one	32465
362.0035	95.4	0.005246899763954587	13.139256611213034	C19H13Cl3O	1.7070058313298517	Tris(4-chlorophenyl)methanol	32836
315.0814	321.39	0.001366271264711358	-22.274781496414406	C16H18N2O4S,C16H16N2O3S	-0.9542486703295339	Valine, 3-mercapto-N-((5-oxo-2-(phenylmethyl)-4(5H)-oxazolylidene)methyl)-,2-Methoxy-N-[2-(4-sulfamoylphenyl)ethyl]benzamide,Penicillin G,Pentids,Febuxostat	32857
362.0814	220.68	0.009652765499627881	10.309680546723328	C18H18ClN3O,C16H17N3O5S,C24H15NO4,C19H16ClN5O2,C18H18ClNO5	4.303195474497279	Loxapine,desethylamodiaquine,Cefadroxil,Seminaphtharhodafluor,Pyridine, 4-(5-((1R)-1-(5-(3-chlorophenyl)-3-isoxazolyl)ethoxy)-4-methyl-4H-1,2,4-triazol-3-yl)-,Etofibrate	32870
315.8335	147.83	0.013555651161306637	-8.93971821060077		-0.2054307243200384	315.8335	
339.087	289.48	0.006127017246235862	-12.302031381489085	C19H16O6,C19H18O7,C20H17FO2S,C14H16N4O4	-2.8135649340390287	Dihydro-O-methylsterigmatocystin,7-Hydroxy-3',4',5,6-tetramethoxyflavone,12alpha-Hydroxymunduserone,5-Hydroxy-3',4',7,8-tetramethoxyflavone,Cimiracemate A,3'-Hydroxy-4',5',7,8-tetramethoxyflavone,7-Demethyltangeretin,4'-Hydroxy-5,6,7,8-tetramethoxyflavone,Glucosylxanthone,Chrysoobtusin,5,8-Dihydroxy-3-(4-hydroxybenzyl)-7-methoxy-4-chromanone 8-acetate,Gardenin B,Aflatoxin ExB2,Retusin,Sulindac sulfide,Histamine-betaxanthin	33005
340.1251	191.71	0.046147480319435975	-5.180417399367752	C12H23NO10,C16H23N3OS,C18H27Cl2NO2	-0.5700686292582198	(2R,3S,4R,5R,8R,9S,10R,11R)-5-Amino-1,2,3,4,8,9,10,11-octahydroxydodecane-6,7-dione,6-(alpha-D-Glucosaminyl)-1D-myo-inositol,Lactosamine,BUPROFEZIN,Chlorambucil-tertiary butyl ester	33252
340.1412	191.97	0.022342543972555664	-7.163550796324401	C17H19N5O3,C16H23NO7	-0.620075385939316	Histidinyl-Tryptophan,Histidyltryptophan,Tryptophyl-Histidine,Mycotoxin T 2	33262
316.0846	321.66	0.010191689387987675	-10.033637971315642	C16H15N3O2	-0.9839643853056756	4-Methyl-3-[4-(4-oxopyridin-1-yl)phenyl]-4,5-dihydro-1H-pyridazin-6-one	33398
392.9976	110.11	0.04123731262682563	5.459418697462812		4.226278820235507	392.9976	
364.8782	346.6	0.0005978555554020863	33.79704682508886		2.3395046775676143	364.8782	
365.0086	258.2	0.014199445872101433	8.730995105898069		2.638939952323689	365.0086	
341.9516	93.17	0.0017514106693565967	19.67078746556683		2.9074687272714357	341.9516	
341.9516	107.48	0.0217307797818889	7.239687351458634		3.1437980942539205	341.9516	
342.0799	321.39	0.01214164679999289	9.375614543337777	C16H14N4O3S	0.5569316809436913	(Imidazolylbiphenylyl)sulfonylurea	33832
342.9699	343.32	0.003729489365017346	14.614980850640535		3.662022212295472	342.9699	
342.9699	345.68	0.01502625013934772	8.381394378791713		2.6075002734218167	342.9699	
366.1045	332.95	0.038604579312646166	-5.65198258122652	C22H19ClO3,C20H17F2N3O3,C20H18N2O3S,C12H14N8O6	-2.1099203822866848	3-[4-(4-Chlorophenyl)cyclohexyl]naphthalene-1,2,4-trione,Atovaquone,Sarafloxacin,5-((4-(2-(1H-Indol-1-yl)ethoxy)phenyl)methyl)-2,4-thiazolidinedione,7,7,8,8-Tetrakis(methoxydiazenyl)bicyclo[4.2.0]octa-1(6),3-diene-2,5-dione	34086
317.8304	148.22	0.025117563440840637	-6.760379169524019		-0.18146851277921883	317.8304	
366.9465	297.76	0.0022252774128388195	-17.82166354313645		-2.8719023871952345	366.9465	
367.0307	269.79	0.0022252774128388195	17.899402038129118	C14H13N3O5S2	0.676870020809158	5'-Hydroxymethyl meloxicam	34390
367.0618	267.43	0.038762598570654755	5.63395008463965	C20H14NO4	1.1519782642385152	Sanguinarine	34481
344.1045	343.32	0.046147480319435975	-5.172356191020274	C17H18F3NO,C19H19NO3,C19H22ClNO4,C20H17N3O4,C19H20ClNO3,C17H16FN3O4	-0.7662158688746992	Fluoxetine,Koenigine,(4-(2-((2-(3-Chlorophenyl)-2-hydroxyethyl)amino)propyl)phenoxy)acetic acid,9-Aminocamptothecin,1-(4-Chlorophenyl)-2-acetyl-6,7-dimethoxy-1,2,3,4-tetrahydroisoquinoline,Oxociprofloxacin,Oxo-ciprofloxacin	34497
410.1104	166.98	0.0012553167063090401	23.401852878673136	C21H23ClFNO2,C22H24ClN3O2S	2.8544578696916325	Haloperidol,Azalanstat	34782
410.1104	190.66	0.013555651161306637	8.958011776366195	C21H23ClFNO2,C22H24ClN3O2S	3.0421758521135125	Haloperidol,Azalanstat	34784
368.0311	269.66	0.04311880800840379	5.347230639069499		0.6513150626436577	368.0311	
398.0545	36.79	0.04342134011683231	5.33193678152657	C18H18ClNO5	1.7132935798256668	Etofibrate	35363
371.0598	30.19	0.04599911081748561	-5.2132840701304985	C21H20Cl2O3	-0.5967098874437795	Permethrin	35892
401.076	192.36	0.019194381176067768	7.549707150905204	C18H18N4O3S2	1.1055244754680835	Pritelivir	36527
401.08	189.31	0.0005366963292976079	35.25567911918755	C12H23N2O9PS,C21H18O6,C13H23NO9S2	2.509165958958363	4'-Phosphopantothenoylcysteine,Wampetin,beta-Apopolygamatin,Glycyrrhizaisoflavone B,Glycyrol,5-Hexenyl glucosinolate	36530
401.0981	205.03	0.038762598570654755	5.628123748056705	C23H20N2O4S	2.5134263515842843	Desethyl kbt-3022,Sulfinpyrazone sulfone,4-Hydroxy-5-[[4-[3-(5-methyl-2-phenyl-1,3-oxazol-4-yl)propanoyl]phenyl]methyl]-3H-1,3-thiazol-2-one,Darglitazone	36532
401.0981	240.57	0.02364139388835078	6.953389904760141	C23H20N2O4S	2.3008377530113613	Desethyl kbt-3022,Sulfinpyrazone sulfone,4-Hydroxy-5-[[4-[3-(5-methyl-2-phenyl-1,3-oxazol-4-yl)propanoyl]phenyl]methyl]-3H-1,3-thiazol-2-one,Darglitazone	36533
401.0981	252.26	0.011188558985535496	9.69247324560988	C23H20N2O4S	3.596810040087693	Desethyl kbt-3022,Sulfinpyrazone sulfone,4-Hydroxy-5-[[4-[3-(5-methyl-2-phenyl-1,3-oxazol-4-yl)propanoyl]phenyl]methyl]-3H-1,3-thiazol-2-one,Darglitazone	36534
453.1463	269.53	0.007147563481674495	11.449270474619428	C22H30FO8P	1.8786840698936942	Betamethasone phosphate	36610
402.0788	192.36	0.03540216752436576	5.857383041929562		1.1067917817219453	402.0788_HCl	
417.037	218.45	0.018402764218717258	-7.698841821528887	C12H20O12P2,C20H14O8	-1.9095777771767928	Alginic acid,(+)-12a-Hydroxypachyrrhizone	36884
417.3223	225.28	0.016100511472783637	8.153906304372617		2.746586873349443	417.3223	
417.3223	234.24	0.02361528971903841	7.003090258545683		3.704864676655337	417.3223_M-H-	
374.9194	199.22	0.0006910748220362745	32.018279989583185		3.9251126521499273	374.9194	
374.9194	206.5	0.005246899763954587	13.102605410094798		4.945354668364484	374.9194	
456.1276	314.96	0.0022252774128388195	-17.896730073447078	C20H24O12,C21H25ClFN3O3	-3.3870218462400565	15-Demethyl plumieride,Mosapride	37347
494.9456	81.09	0.002945397220998922	16.051640564758184		3.06637502661035	494.9456	
494.9456	84.11	0.025117563440840637	6.763711598118976		2.974974399809902	494.9456	
406.1236	258.2	0.006516276882473981	11.791828953644096	C22H21N3O3S	2.0039906120973683	N-[2-[(2-Oxoazepan-3-yl)carbamoyl]phenyl]-1-benzothiophene-2-carboxamide	37543
457.2264	26.78	0.0005366963292976079	36.15329641809703	C23H38O7S,C29H31NO4,C27H30N4O3	2.0184526218949728	3-Sulfodeoxycholic acid,Acolbifene,(E)-8-(2-(4-(Diphenylamino)benzylidene)hydrazinyl)-N-hydroxy-8-oxooctanamide	37721
407.1269	258.47	0.006516276882473981	11.791164985705134	C21H24O6,C21H25ClO6	4.533153384663052	(8R,8'R,9S)-9-Hydroxy-3,4-dimethoxy-3',4'-methylenoxy-9,9'-epoxylignan,Dihydroxybergamottin,Tetrahydrocurcumin,Hydroxymyricanone,9-Hydroxy-3',4'-dimethoxy-3,4-methylenedioxy-9,9'-epoxylignan,Sylvatesmin,2-(4-Allyl-2,6-dimethoxyphenoxy)-1-(3,4-methylenedioxyphenyl)-1-propanol,Licoriphenone,(-)-Arctigenin,l-Arctigenin,6',7'-Dihydroxybergamottin,(2R,3R,4R,5S,6R)-2-(4-Chloro-3-(4-ethoxybenzyl)phenyl)-6-(hydroxymethyl)tetrahydro-2H-pyran-3,4,5-triol	37847
458.1298	167.77	0.018142147041920752	7.817223554109237	C21H24F3N3OS,C19H25NO12,C21H24FN5O5S,C23H25N3O3S	2.54510316544701	Trifluoperazine sulfoxide,7-Hydroxytrifluoperazine,1-(2-Hydroxyphenylamino)-1-deoxy-beta-D-gentiobioside 1,2-carbamate,Isopropyl 4-(1-(2-fluoro-4-(methylsulfonyl)phenyl)-1H-pyrazolo[3,4-d]pyrimidin-4-yloxy)piperidine-1-carboxylate,[4,5-Bis(4-methoxyphenyl)-2-thiazolyl]-(4-methyl-1-piperazinyl)methanone	37852
458.1435	335.71	0.04680807172796844	-5.1157586697557464	C20H26O12,C17H29NO11,C23H25NO9,C21H22N4O8,C22H28ClN5O3S,C27H25NO4S	-0.515647492436841	2'-(E)-Feruloyl-3-(arabinosylxylose),7-Hydroxy-4-methylphthalide O-[arabinosyl-(1->6)-glucoside],cis-p-Coumaric acid 4-[apiosyl-(1->2)-glucoside],Neolinustatin,Narceinone,3-Hydroxynevirapine glucuronide,2-Hydroxynevirapine glucuronide,8-Hydroxynevirapine glucuronide,12-Hydroxynevirapine glucuronide,4-(7-(((1R)-1-((3-Chloro-2-thienyl)methyl)propyl)amino)-3H-imidazo(4,5-b)pyridin-3-yl)-N-ethyl-2,3-dihydroxycyclopentanecarboxamide, (1S,2R,3S,4R)-,Lilly 117018	37868
421.1379	283.71	0.046147480319435975	5.162983881213299	C19H20N8O5,C20H23NO9,C25H19N5S,C18H22N6O4	1.8364668374304927	Aminopterin,5-O-p-Coumaroylnigrumin,3-(6-Methylpyridin-2-yl)-N-phenyl-4-(quinolin-4-yl)-1H-pyrazole-1-carbothioamide,n6-[2-(4-Aminophenyl)ethyl]adenosine	37906
499.1679	251.87	0.04141495383858413	5.4376121028218485	C20H30N4O12,C26H30Cl2F3NO,C19H34O16,C25H33ClO6	0.44482385566219307	Ac-Asp-Glu-Val-Asp,Poly-g-D-glutamate,Halofantrine,Ciceritol,Beclomethasone 17-monopropionate	38249
500.1719	241.75	0.001588250427502363	20.370245018355835	C27H24N4O6	3.7839115422822474	S)-2-(5(((1,2-Dihydro-3-methyl-1-oxobenzo(F)quinazolin-9-YL)methyl)amino)1-oxo-2-isoindolinyl)glutaric acid	38390
500.1719	251.61	0.0006910748220362745	31.43728384623197	C27H24N4O6	3.94155027943804	S)-2-(5(((1,2-Dihydro-3-methyl-1-oxobenzo(F)quinazolin-9-YL)methyl)amino)1-oxo-2-isoindolinyl)glutaric acid	38392
461.0303	257.94	0.0276754116372939	6.539300837342639		1.091498928486999	461.0303_Na/H	
501.9176	224.36	0.00040341065321291647	46.5830649328874		4.669831540625246	501.9176_Na/H	
503.1826	258.2	0.009752405467709656	10.236802018898562	C28H28N4O3	1.7961640037446323	Ruboxistaurin	38761
462.891	23.88	0.014757068826951119	8.48760468461527		1.3554961188978307	462.891	
506.03	301.7	0.04599911081748561	5.205402752511735	C21H17F4NO3S2	2.1758616339871146	{4-[({2-[3-Fluoro-4-(Trifluoromethyl)phenyl]-4-Methyl-1,3-Thiazol-5-Yl}methyl)sulfanyl]-2-Methylphenoxy}acetic Acid	39159
425.9571	363.02	0.013555651161306637	9.003744813682449		3.69265564364067	425.9571	
426.9334	213.46	0.001588250427502363	20.386971755627425		3.8345209921590353	426.9334_Na/H	
426.9334	224.49	0.0037721119827611328	14.477063431778427		2.697251892629712	426.9334_Na/H	
508.9371	213.86	0.041698588981739365	5.4222630660428415		1.6356888058743557	508.9371	
428.1054	258.07	0.04074169714924463	5.4916385334344096	C18H23N3O5S,C23H23ClFNO5,C14H23N3O10	2.353488060548756	N-Hydroxy-2(R)-[[(4-methoxyphenyl)sulfonyl](3-picolyl)amino]-3-methylbutanamide hydrochloride,Elvitegravir,Pentetic acid,4-(2-Aminoethylamino)-3-[bis(carboxymethyl)amino]-3-(carboxymethyl)hexanedioic acid	39885
429.0052	395.84	0.0022252774128388195	17.816742524557633		2.4495658365057515	429.0052	
429.1945	27.17	0.0022252774128388195	17.759574018927534	C27H27NO4,C24H30N2O3	2.6178594654216703	2-(2-(4-Phenoxy-2-propylphenoxy)ethyl)indole-5-acetic acid,7-Benzylidenenaltrexone,Chromafenozide	40183
511.9536	203.45	0.014428776293892265	8.617036915362405	C10H16N5O11P3	1.332112786872269	2',3'-Dideoxyadenosine-5-triphosphate	kp2763_475.005
430.1581	156.29	0.04270425992753921	-5.376466190166804	C25H27N3O3S	-0.10804365284371897	N-[2,6-Bis(1-methylethyl)phenyl]-N'-[4-[(4-nitrophenyl)thio]phenyl]urea	40299
470.107	294.61	0.046147480319435975	-5.165660978371599		-0.7011146392278178	470.107	
431.1344	191.71	0.03443518344657636	5.943946247794215	C22H24O9	1.8789355751698018	Medicocarpin,Trichocarposide,Pinostrobin 5-glucoside,(-)-medicarpin-3-O-glucoside,3-Methoxynobiletin,4'-O-Methylglucoliquiritigenin	40636
473.9978	200.14	0.038762598570654755	5.619491072043118	C11H21NO11S3,C10H16N5O11P3	2.584184160017486	Glucocheirolin,2',3'-Dideoxyadenosine-5-triphosphate	41054
473.9978	203.45	0.0413208533864813	5.4477043506151634	C11H21NO11S3,C10H16N5O11P3	1.262112703752969	Glucocheirolin,2',3'-Dideoxyadenosine-5-triphosphate	41055
596.088	312.73	0.0465543742869282	-5.136833118139996		-0.7567260342792643	596.088_M-H-	
521.9783	167.38	0.04956050713666293	5.006743765323268	C16H15ClN5O7PS	1.4525904554073605	8-((4-Chlorophenyl)thio)cyclic-3',5'-GMP	41438
435.0523	53.56	0.028787005583652936	6.413057501217753	C13H17N5O8S2	1.1416888319157295	Aztreonam	41580
526.167	257.81	0.0005366963292976079	39.16983228221081	C24H30O13,C26H29N5O3S	2.2378184289446708	Demethyloleuropein,Grapiprant	41868
477.1766	27.96	0.0032277190070304153	15.424678183532347	C24H32O11,C24H30O10,C23H31N3O4S2,C23H23N7O5,C25H26N4O6,C18H34CaN2O10	1.0875493725534717	(7R*,8R*)-3-Methoxy-3',4,7,9,9'-pentahydroxy-8,4'-oxyneolignan 4-xyloside,Enterodiol glucuronide,Batimastat,Pralatrexate,Ethyl 4-(3,4-dimethoxyphenyl)-6,7-dimethoxy-2-(1H-1,2,4-triazol-1-ylmethyl)-3-quinolinecarboxylate,Calcium pantothenate	41956
479.0534	192.36	0.039292531902045236	5.586025237098389	C18H22ClN2O7P	0.9962343447816515	2-Aminoethyl 2-[[2-[4-(4-chlorophenoxy)phenoxy]acetyl]amino]ethyl hydrogen phosphate	42185
530.9126	81.22	0.0007372389848547017	29.90406031623429		3.755347577711621	530.9126	
532.1769	258.07	0.015813976690497434	8.205102672948675		3.1548693222332957	532.1769_M-H-	
532.9253	200.27	0.04283506213003416	5.365087129947971		0.6362303887219163	532.9253	
441.2532	27.04	0.03599949705054748	5.804014761882287	C25H32N8O	2.9531331883069356	Milciclib	43033
442.1332	205.98	1.9704873916926882e-05	161.28777120741617	C21H24F3N3S,C23H22FN3O3,C18H25N5O4S,C23H25NO6S	1.7278068914224995	Trifluoperazine,Anlotinib,Dansyl-L-arginine,Fasidotril	43139
632.2056	339.78	0.002650249196036794	-16.609554107827847	C23H39NO19,C35H33MgN4O4,C26H34F3N7O4S	-3.2558988286002233	Neu5NAcalpha2->6lactose,3'-Sialyllactose,6'-Sialyllactose,magnesium-protoporphyrin IX 13-monomethyl ester,Elexacaftor/Ivacaftor/Tezacaftor	43275
485.2033	294.61	0.03708839766453284	-5.731778395859081	C23H34O11,C23H34N2O7	-1.2593658580413205	15-Acetoxyscirpene-3,4-diol 4-O-a-D-glucopyranoside,Remogliflozin A	43416
444.0844	221.08	0.03376939014143733	5.99095439590184	C25H19O9,C18H22ClN2O7P,C15H29NO9S3	2.950307561857155	Pinotin A aglycone,2-Aminoethyl 2-[[2-[4-(4-chlorophenoxy)phenoxy]acetyl]amino]ethyl hydrogen phosphate,7-methylthioheptyl glucosinolate	43723
487.1786	271.36	0.0217307797818889	-7.228278103190211	C29H30O8	-0.8157461691245196	enrasentan	43749
487.1786	277.14	0.015813976690497434	-8.213597947098483	C29H30O8	-1.0294937563961284	enrasentan	43750
488.182	290.27	0.043473431117604155	5.325291444966951	C28H29ClN4S	4.181243333276676	Israpafant	43786
488.182	296.18	0.012047696819858128	9.426472570818673	C28H29ClN4S	3.8623717738261867	Israpafant	43788
540.0364	321.39	0.01568089086993835	-8.275110005646322		-0.7336923536047806	540.0364	
541.09	288.04	0.04585490175653509	5.2228056186494145	C27H22O10	1.3527488368857377	Benzo(a)naphthacene-2-carboxylic acid, 5,6,8,13-tetrahydro-8,13-dioxo-3-(2-hydroxypropyl)-7-methoxy-1,6,9,14-tetrahydroxy-	43860
541.09	290.4	0.005495481660253898	12.882834823390828	C27H22O10	1.3618467996804995	Benzo(a)naphthacene-2-carboxylic acid, 5,6,8,13-tetrahydro-8,13-dioxo-3-(2-hydroxypropyl)-7-methoxy-1,6,9,14-tetrahydroxy-	43861
445.0086	269.79	0.003180029641645323	15.538751841125164		0.6342587301820863	445.0086	
545.0531	321.39	0.001312319774341846	22.840847223467875	C19H25IN4O8	3.9514131034911024	L-Glutamic acid, N-((((1S)-1-carboxy-5-((((4-iodophenyl)amino)carbonyl)amino)pentyl)amino)carbonyl)-	44156
446.1434	351.2	0.014905594391413955	-8.412555336284276	C19H26O12,C24H24FN5O2S	-0.5490569526002957	Lucuminic acid,Monotropeoside,Trelanserin	44284
493.0291	252.79	0.03981744779589181	-5.544160372625121		-2.265527353497678	493.0291	
661.1721	276.09	0.02322022928927276	7.053115779692509		1.6444293994334558	661.1721	
553.1562	258.33	0.0034901828358195105	14.913117903123265	C20H30N4O12,C19H34O16,C25H30O14	1.1508049881298383	Ac-Asp-Glu-Val-Asp,Poly-g-D-glutamate,Ciceritol,Lippioside II	44945
670.7744	445.15	0.046147480319435975	5.181026901081786		1.3022211665087173	670.7744	
688.2134	343.45	0.0217307797818889	-7.2262650388098075		-0.4057649379316146	688.2134_M-H-	
702.0583	219.77	0.0009308403650463282	27.185270437961037		2.0024325726383587	702.0583	
565.0485	369.32	0.012346469371464804	-9.316740647967372	C15H24N2O17P2	-2.170218816251456	Glucose-uridine-C1,5'-diphosphate,Uridine diphosphate glucose,Uridine diphosphategalactose	45602
766.1631	35.48	0.001588250427502363	20.436690197735487		1.77854991781415	766.1631_ACN	
770.0819	220.82	0.03540216752436576	5.846698156421413		1.6182192591866063	770.0819	
797.0433	218.32	0.038762598570654755	-5.617412560430166		-0.08057497566112204	797.0433_M-H-	
865.0303	218.98	0.028320554160526933	6.462692685002746		0.29145135971873515	865.0303	
